[0.059s] DEBUG:colcon:Command line arguments: ['/usr/bin/colcon', 'build']
[0.059s] DEBUG:colcon:Parsed command line arguments: Namespace(log_base=None, log_level=None, verb_name='build', build_base='build', install_base='install', merge_install=False, symlink_install=False, test_result_base=None, continue_on_error=False, executor='parallel', parallel_workers=12, event_handlers=None, ignore_user_meta=False, metas=['./colcon.meta'], base_paths=['.'], packages_ignore=None, packages_ignore_regex=None, paths=None, packages_up_to=None, packages_up_to_regex=None, packages_above=None, packages_above_and_dependencies=None, packages_above_depth=None, packages_select_by_dep=None, packages_skip_by_dep=None, packages_skip_up_to=None, packages_select_build_failed=False, packages_skip_build_finished=False, packages_select_test_failures=False, packages_skip_test_passed=False, packages_select=None, packages_skip=None, packages_select_regex=None, packages_skip_regex=None, packages_start=None, packages_end=None, allow_overriding=[], cmake_args=None, cmake_target=None, cmake_target_skip_unavailable=False, cmake_clean_cache=False, cmake_clean_first=False, cmake_force_configure=False, ament_cmake_args=None, catkin_cmake_args=None, catkin_skip_building_tests=False, verb_parser=<colcon_defaults.argument_parser.defaults.DefaultArgumentsDecorator object at 0x7ab70415b730>, verb_extension=<colcon_core.verb.build.BuildVerb object at 0x7ab70415b190>, main=<bound method BuildVerb.main of <colcon_core.verb.build.BuildVerb object at 0x7ab70415b190>>)
[0.159s] Level 1:colcon.colcon_core.package_discovery:discover_packages(colcon_meta) check parameters
[0.159s] Level 1:colcon.colcon_core.package_discovery:discover_packages(recursive) check parameters
[0.159s] Level 1:colcon.colcon_core.package_discovery:discover_packages(ignore) check parameters
[0.159s] Level 1:colcon.colcon_core.package_discovery:discover_packages(path) check parameters
[0.159s] Level 1:colcon.colcon_core.package_discovery:discover_packages(colcon_meta) discover
[0.159s] Level 1:colcon.colcon_core.package_discovery:discover_packages(recursive) discover
[0.159s] INFO:colcon.colcon_core.package_discovery:Crawling recursively for packages in '/home/nick/panda_dof_ws/src'
[0.160s] Level 1:colcon.colcon_core.package_identification:_identify(.) by extensions ['ignore', 'ignore_ament_install']
[0.160s] Level 1:colcon.colcon_core.package_identification:_identify(.) by extension 'ignore'
[0.160s] Level 1:colcon.colcon_core.package_identification:_identify(.) by extension 'ignore_ament_install'
[0.160s] Level 1:colcon.colcon_core.package_identification:_identify(.) by extensions ['colcon_pkg']
[0.160s] Level 1:colcon.colcon_core.package_identification:_identify(.) by extension 'colcon_pkg'
[0.160s] Level 1:colcon.colcon_core.package_identification:_identify(.) by extensions ['colcon_meta']
[0.160s] Level 1:colcon.colcon_core.package_identification:_identify(.) by extension 'colcon_meta'
[0.160s] Level 1:colcon.colcon_core.package_identification:_identify(.) by extensions ['ros']
[0.160s] Level 1:colcon.colcon_core.package_identification:_identify(.) by extension 'ros'
[0.172s] Level 1:colcon.colcon_core.package_identification:_identify(.) by extensions ['cmake', 'python']
[0.172s] Level 1:colcon.colcon_core.package_identification:_identify(.) by extension 'cmake'
[0.172s] Level 1:colcon.colcon_core.package_identification:_identify(.) by extension 'python'
[0.172s] Level 1:colcon.colcon_core.package_identification:_identify(.) by extensions ['python_setup_py']
[0.173s] Level 1:colcon.colcon_core.package_identification:_identify(.) by extension 'python_setup_py'
[0.173s] Level 1:colcon.colcon_core.package_identification:_identify(Panda) by extensions ['ignore', 'ignore_ament_install']
[0.173s] Level 1:colcon.colcon_core.package_identification:_identify(Panda) by extension 'ignore'
[0.173s] Level 1:colcon.colcon_core.package_identification:_identify(Panda) by extension 'ignore_ament_install'
[0.173s] Level 1:colcon.colcon_core.package_identification:_identify(Panda) by extensions ['colcon_pkg']
[0.173s] Level 1:colcon.colcon_core.package_identification:_identify(Panda) by extension 'colcon_pkg'
[0.173s] Level 1:colcon.colcon_core.package_identification:_identify(Panda) by extensions ['colcon_meta']
[0.173s] Level 1:colcon.colcon_core.package_identification:_identify(Panda) by extension 'colcon_meta'
[0.173s] Level 1:colcon.colcon_core.package_identification:_identify(Panda) by extensions ['ros']
[0.173s] Level 1:colcon.colcon_core.package_identification:_identify(Panda) by extension 'ros'
[0.173s] Level 1:colcon.colcon_core.package_identification:_identify(Panda) by extensions ['cmake', 'python']
[0.173s] Level 1:colcon.colcon_core.package_identification:_identify(Panda) by extension 'cmake'
[0.173s] Level 1:colcon.colcon_core.package_identification:_identify(Panda) by extension 'python'
[0.173s] Level 1:colcon.colcon_core.package_identification:_identify(Panda) by extensions ['python_setup_py']
[0.173s] Level 1:colcon.colcon_core.package_identification:_identify(Panda) by extension 'python_setup_py'
[0.173s] Level 1:colcon.colcon_core.package_identification:_identify(Panda/meshes) by extensions ['ignore', 'ignore_ament_install']
[0.173s] Level 1:colcon.colcon_core.package_identification:_identify(Panda/meshes) by extension 'ignore'
[0.173s] Level 1:colcon.colcon_core.package_identification:_identify(Panda/meshes) by extension 'ignore_ament_install'
[0.173s] Level 1:colcon.colcon_core.package_identification:_identify(Panda/meshes) by extensions ['colcon_pkg']
[0.173s] Level 1:colcon.colcon_core.package_identification:_identify(Panda/meshes) by extension 'colcon_pkg'
[0.173s] Level 1:colcon.colcon_core.package_identification:_identify(Panda/meshes) by extensions ['colcon_meta']
[0.173s] Level 1:colcon.colcon_core.package_identification:_identify(Panda/meshes) by extension 'colcon_meta'
[0.173s] Level 1:colcon.colcon_core.package_identification:_identify(Panda/meshes) by extensions ['ros']
[0.173s] Level 1:colcon.colcon_core.package_identification:_identify(Panda/meshes) by extension 'ros'
[0.173s] Level 1:colcon.colcon_core.package_identification:_identify(Panda/meshes) by extensions ['cmake', 'python']
[0.173s] Level 1:colcon.colcon_core.package_identification:_identify(Panda/meshes) by extension 'cmake'
[0.173s] Level 1:colcon.colcon_core.package_identification:_identify(Panda/meshes) by extension 'python'
[0.173s] Level 1:colcon.colcon_core.package_identification:_identify(Panda/meshes) by extensions ['python_setup_py']
[0.173s] Level 1:colcon.colcon_core.package_identification:_identify(Panda/meshes) by extension 'python_setup_py'
[0.173s] Level 1:colcon.colcon_core.package_identification:_identify(Panda/meshes/collision) by extensions ['ignore', 'ignore_ament_install']
[0.173s] Level 1:colcon.colcon_core.package_identification:_identify(Panda/meshes/collision) by extension 'ignore'
[0.173s] Level 1:colcon.colcon_core.package_identification:_identify(Panda/meshes/collision) by extension 'ignore_ament_install'
[0.173s] Level 1:colcon.colcon_core.package_identification:_identify(Panda/meshes/collision) by extensions ['colcon_pkg']
[0.173s] Level 1:colcon.colcon_core.package_identification:_identify(Panda/meshes/collision) by extension 'colcon_pkg'
[0.173s] Level 1:colcon.colcon_core.package_identification:_identify(Panda/meshes/collision) by extensions ['colcon_meta']
[0.173s] Level 1:colcon.colcon_core.package_identification:_identify(Panda/meshes/collision) by extension 'colcon_meta'
[0.173s] Level 1:colcon.colcon_core.package_identification:_identify(Panda/meshes/collision) by extensions ['ros']
[0.173s] Level 1:colcon.colcon_core.package_identification:_identify(Panda/meshes/collision) by extension 'ros'
[0.173s] Level 1:colcon.colcon_core.package_identification:_identify(Panda/meshes/collision) by extensions ['cmake', 'python']
[0.173s] Level 1:colcon.colcon_core.package_identification:_identify(Panda/meshes/collision) by extension 'cmake'
[0.173s] Level 1:colcon.colcon_core.package_identification:_identify(Panda/meshes/collision) by extension 'python'
[0.173s] Level 1:colcon.colcon_core.package_identification:_identify(Panda/meshes/collision) by extensions ['python_setup_py']
[0.173s] Level 1:colcon.colcon_core.package_identification:_identify(Panda/meshes/collision) by extension 'python_setup_py'
[0.174s] Level 1:colcon.colcon_core.package_identification:_identify(Panda/meshes/visual) by extensions ['ignore', 'ignore_ament_install']
[0.174s] Level 1:colcon.colcon_core.package_identification:_identify(Panda/meshes/visual) by extension 'ignore'
[0.174s] Level 1:colcon.colcon_core.package_identification:_identify(Panda/meshes/visual) by extension 'ignore_ament_install'
[0.174s] Level 1:colcon.colcon_core.package_identification:_identify(Panda/meshes/visual) by extensions ['colcon_pkg']
[0.174s] Level 1:colcon.colcon_core.package_identification:_identify(Panda/meshes/visual) by extension 'colcon_pkg'
[0.174s] Level 1:colcon.colcon_core.package_identification:_identify(Panda/meshes/visual) by extensions ['colcon_meta']
[0.174s] Level 1:colcon.colcon_core.package_identification:_identify(Panda/meshes/visual) by extension 'colcon_meta'
[0.174s] Level 1:colcon.colcon_core.package_identification:_identify(Panda/meshes/visual) by extensions ['ros']
[0.174s] Level 1:colcon.colcon_core.package_identification:_identify(Panda/meshes/visual) by extension 'ros'
[0.174s] Level 1:colcon.colcon_core.package_identification:_identify(Panda/meshes/visual) by extensions ['cmake', 'python']
[0.174s] Level 1:colcon.colcon_core.package_identification:_identify(Panda/meshes/visual) by extension 'cmake'
[0.174s] Level 1:colcon.colcon_core.package_identification:_identify(Panda/meshes/visual) by extension 'python'
[0.174s] Level 1:colcon.colcon_core.package_identification:_identify(Panda/meshes/visual) by extensions ['python_setup_py']
[0.174s] Level 1:colcon.colcon_core.package_identification:_identify(Panda/meshes/visual) by extension 'python_setup_py'
[0.174s] Level 1:colcon.colcon_core.package_identification:_identify(build) by extensions ['ignore', 'ignore_ament_install']
[0.174s] Level 1:colcon.colcon_core.package_identification:_identify(build) by extension 'ignore'
[0.174s] Level 1:colcon.colcon_core.package_identification:_identify(build) ignored
[0.174s] Level 1:colcon.colcon_core.package_identification:_identify(custom_config) by extensions ['ignore', 'ignore_ament_install']
[0.174s] Level 1:colcon.colcon_core.package_identification:_identify(custom_config) by extension 'ignore'
[0.174s] Level 1:colcon.colcon_core.package_identification:_identify(custom_config) by extension 'ignore_ament_install'
[0.174s] Level 1:colcon.colcon_core.package_identification:_identify(custom_config) by extensions ['colcon_pkg']
[0.174s] Level 1:colcon.colcon_core.package_identification:_identify(custom_config) by extension 'colcon_pkg'
[0.174s] Level 1:colcon.colcon_core.package_identification:_identify(custom_config) by extensions ['colcon_meta']
[0.174s] Level 1:colcon.colcon_core.package_identification:_identify(custom_config) by extension 'colcon_meta'
[0.174s] Level 1:colcon.colcon_core.package_identification:_identify(custom_config) by extensions ['ros']
[0.174s] Level 1:colcon.colcon_core.package_identification:_identify(custom_config) by extension 'ros'
[0.176s] DEBUG:colcon.colcon_core.package_identification:Package 'custom_config' with type 'ros.ament_cmake' and name 'custom_config'
[0.176s] Level 1:colcon.colcon_core.package_identification:_identify(five_dof_config) by extensions ['ignore', 'ignore_ament_install']
[0.176s] Level 1:colcon.colcon_core.package_identification:_identify(five_dof_config) by extension 'ignore'
[0.176s] Level 1:colcon.colcon_core.package_identification:_identify(five_dof_config) by extension 'ignore_ament_install'
[0.176s] Level 1:colcon.colcon_core.package_identification:_identify(five_dof_config) by extensions ['colcon_pkg']
[0.176s] Level 1:colcon.colcon_core.package_identification:_identify(five_dof_config) by extension 'colcon_pkg'
[0.176s] Level 1:colcon.colcon_core.package_identification:_identify(five_dof_config) by extensions ['colcon_meta']
[0.176s] Level 1:colcon.colcon_core.package_identification:_identify(five_dof_config) by extension 'colcon_meta'
[0.176s] Level 1:colcon.colcon_core.package_identification:_identify(five_dof_config) by extensions ['ros']
[0.176s] Level 1:colcon.colcon_core.package_identification:_identify(five_dof_config) by extension 'ros'
[0.176s] DEBUG:colcon.colcon_core.package_identification:Package 'five_dof_config' with type 'ros.ament_cmake' and name 'five_dof_config'
[0.176s] Level 1:colcon.colcon_core.package_identification:_identify(four_dof_config) by extensions ['ignore', 'ignore_ament_install']
[0.176s] Level 1:colcon.colcon_core.package_identification:_identify(four_dof_config) by extension 'ignore'
[0.177s] Level 1:colcon.colcon_core.package_identification:_identify(four_dof_config) by extension 'ignore_ament_install'
[0.177s] Level 1:colcon.colcon_core.package_identification:_identify(four_dof_config) by extensions ['colcon_pkg']
[0.177s] Level 1:colcon.colcon_core.package_identification:_identify(four_dof_config) by extension 'colcon_pkg'
[0.177s] Level 1:colcon.colcon_core.package_identification:_identify(four_dof_config) by extensions ['colcon_meta']
[0.177s] Level 1:colcon.colcon_core.package_identification:_identify(four_dof_config) by extension 'colcon_meta'
[0.177s] Level 1:colcon.colcon_core.package_identification:_identify(four_dof_config) by extensions ['ros']
[0.177s] Level 1:colcon.colcon_core.package_identification:_identify(four_dof_config) by extension 'ros'
[0.177s] DEBUG:colcon.colcon_core.package_identification:Package 'four_dof_config' with type 'ros.ament_cmake' and name 'four_dof_config'
[0.177s] Level 1:colcon.colcon_core.package_identification:_identify(gui_script) by extensions ['ignore', 'ignore_ament_install']
[0.177s] Level 1:colcon.colcon_core.package_identification:_identify(gui_script) by extension 'ignore'
[0.177s] Level 1:colcon.colcon_core.package_identification:_identify(gui_script) by extension 'ignore_ament_install'
[0.177s] Level 1:colcon.colcon_core.package_identification:_identify(gui_script) by extensions ['colcon_pkg']
[0.177s] Level 1:colcon.colcon_core.package_identification:_identify(gui_script) by extension 'colcon_pkg'
[0.177s] Level 1:colcon.colcon_core.package_identification:_identify(gui_script) by extensions ['colcon_meta']
[0.177s] Level 1:colcon.colcon_core.package_identification:_identify(gui_script) by extension 'colcon_meta'
[0.177s] Level 1:colcon.colcon_core.package_identification:_identify(gui_script) by extensions ['ros']
[0.177s] Level 1:colcon.colcon_core.package_identification:_identify(gui_script) by extension 'ros'
[0.177s] Level 1:colcon.colcon_core.package_identification:_identify(gui_script) by extensions ['cmake', 'python']
[0.177s] Level 1:colcon.colcon_core.package_identification:_identify(gui_script) by extension 'cmake'
[0.177s] Level 1:colcon.colcon_core.package_identification:_identify(gui_script) by extension 'python'
[0.177s] Level 1:colcon.colcon_core.package_identification:_identify(gui_script) by extensions ['python_setup_py']
[0.177s] Level 1:colcon.colcon_core.package_identification:_identify(gui_script) by extension 'python_setup_py'
[0.177s] Level 1:colcon.colcon_core.package_identification:_identify(install) by extensions ['ignore', 'ignore_ament_install']
[0.177s] Level 1:colcon.colcon_core.package_identification:_identify(install) by extension 'ignore'
[0.177s] Level 1:colcon.colcon_core.package_identification:_identify(install) ignored
[0.177s] Level 1:colcon.colcon_core.package_identification:_identify(log) by extensions ['ignore', 'ignore_ament_install']
[0.178s] Level 1:colcon.colcon_core.package_identification:_identify(log) by extension 'ignore'
[0.178s] Level 1:colcon.colcon_core.package_identification:_identify(log) ignored
[0.178s] Level 1:colcon.colcon_core.package_identification:_identify(one_dof_config) by extensions ['ignore', 'ignore_ament_install']
[0.178s] Level 1:colcon.colcon_core.package_identification:_identify(one_dof_config) by extension 'ignore'
[0.178s] Level 1:colcon.colcon_core.package_identification:_identify(one_dof_config) by extension 'ignore_ament_install'
[0.178s] Level 1:colcon.colcon_core.package_identification:_identify(one_dof_config) by extensions ['colcon_pkg']
[0.178s] Level 1:colcon.colcon_core.package_identification:_identify(one_dof_config) by extension 'colcon_pkg'
[0.178s] Level 1:colcon.colcon_core.package_identification:_identify(one_dof_config) by extensions ['colcon_meta']
[0.178s] Level 1:colcon.colcon_core.package_identification:_identify(one_dof_config) by extension 'colcon_meta'
[0.178s] Level 1:colcon.colcon_core.package_identification:_identify(one_dof_config) by extensions ['ros']
[0.178s] Level 1:colcon.colcon_core.package_identification:_identify(one_dof_config) by extension 'ros'
[0.178s] DEBUG:colcon.colcon_core.package_identification:Package 'one_dof_config' with type 'ros.ament_cmake' and name 'one_dof_config'
[0.178s] Level 1:colcon.colcon_core.package_identification:_identify(panda_0dof_moveit_config) by extensions ['ignore', 'ignore_ament_install']
[0.178s] Level 1:colcon.colcon_core.package_identification:_identify(panda_0dof_moveit_config) by extension 'ignore'
[0.178s] Level 1:colcon.colcon_core.package_identification:_identify(panda_0dof_moveit_config) by extension 'ignore_ament_install'
[0.178s] Level 1:colcon.colcon_core.package_identification:_identify(panda_0dof_moveit_config) by extensions ['colcon_pkg']
[0.178s] Level 1:colcon.colcon_core.package_identification:_identify(panda_0dof_moveit_config) by extension 'colcon_pkg'
[0.178s] Level 1:colcon.colcon_core.package_identification:_identify(panda_0dof_moveit_config) by extensions ['colcon_meta']
[0.178s] Level 1:colcon.colcon_core.package_identification:_identify(panda_0dof_moveit_config) by extension 'colcon_meta'
[0.178s] Level 1:colcon.colcon_core.package_identification:_identify(panda_0dof_moveit_config) by extensions ['ros']
[0.178s] Level 1:colcon.colcon_core.package_identification:_identify(panda_0dof_moveit_config) by extension 'ros'
[0.179s] DEBUG:colcon.colcon_core.package_identification:Package 'panda_0dof_moveit_config' with type 'ros.ament_cmake' and name 'panda_0dof_moveit_config'
[0.179s] Level 1:colcon.colcon_core.package_identification:_identify(panda_1dof_moveit_config) by extensions ['ignore', 'ignore_ament_install']
[0.179s] Level 1:colcon.colcon_core.package_identification:_identify(panda_1dof_moveit_config) by extension 'ignore'
[0.179s] Level 1:colcon.colcon_core.package_identification:_identify(panda_1dof_moveit_config) by extension 'ignore_ament_install'
[0.179s] Level 1:colcon.colcon_core.package_identification:_identify(panda_1dof_moveit_config) by extensions ['colcon_pkg']
[0.179s] Level 1:colcon.colcon_core.package_identification:_identify(panda_1dof_moveit_config) by extension 'colcon_pkg'
[0.179s] Level 1:colcon.colcon_core.package_identification:_identify(panda_1dof_moveit_config) by extensions ['colcon_meta']
[0.179s] Level 1:colcon.colcon_core.package_identification:_identify(panda_1dof_moveit_config) by extension 'colcon_meta'
[0.179s] Level 1:colcon.colcon_core.package_identification:_identify(panda_1dof_moveit_config) by extensions ['ros']
[0.179s] Level 1:colcon.colcon_core.package_identification:_identify(panda_1dof_moveit_config) by extension 'ros'
[0.179s] DEBUG:colcon.colcon_core.package_identification:Package 'panda_1dof_moveit_config' with type 'ros.ament_cmake' and name 'panda_1dof_moveit_config'
[0.179s] Level 1:colcon.colcon_core.package_identification:_identify(panda_2dof_moveit_config) by extensions ['ignore', 'ignore_ament_install']
[0.179s] Level 1:colcon.colcon_core.package_identification:_identify(panda_2dof_moveit_config) by extension 'ignore'
[0.179s] Level 1:colcon.colcon_core.package_identification:_identify(panda_2dof_moveit_config) by extension 'ignore_ament_install'
[0.179s] Level 1:colcon.colcon_core.package_identification:_identify(panda_2dof_moveit_config) by extensions ['colcon_pkg']
[0.179s] Level 1:colcon.colcon_core.package_identification:_identify(panda_2dof_moveit_config) by extension 'colcon_pkg'
[0.179s] Level 1:colcon.colcon_core.package_identification:_identify(panda_2dof_moveit_config) by extensions ['colcon_meta']
[0.179s] Level 1:colcon.colcon_core.package_identification:_identify(panda_2dof_moveit_config) by extension 'colcon_meta'
[0.179s] Level 1:colcon.colcon_core.package_identification:_identify(panda_2dof_moveit_config) by extensions ['ros']
[0.179s] Level 1:colcon.colcon_core.package_identification:_identify(panda_2dof_moveit_config) by extension 'ros'
[0.180s] DEBUG:colcon.colcon_core.package_identification:Package 'panda_2dof_moveit_config' with type 'ros.ament_cmake' and name 'panda_2dof_moveit_config'
[0.180s] Level 1:colcon.colcon_core.package_identification:_identify(panda_3dof_moveit_config) by extensions ['ignore', 'ignore_ament_install']
[0.180s] Level 1:colcon.colcon_core.package_identification:_identify(panda_3dof_moveit_config) by extension 'ignore'
[0.180s] Level 1:colcon.colcon_core.package_identification:_identify(panda_3dof_moveit_config) by extension 'ignore_ament_install'
[0.180s] Level 1:colcon.colcon_core.package_identification:_identify(panda_3dof_moveit_config) by extensions ['colcon_pkg']
[0.180s] Level 1:colcon.colcon_core.package_identification:_identify(panda_3dof_moveit_config) by extension 'colcon_pkg'
[0.180s] Level 1:colcon.colcon_core.package_identification:_identify(panda_3dof_moveit_config) by extensions ['colcon_meta']
[0.180s] Level 1:colcon.colcon_core.package_identification:_identify(panda_3dof_moveit_config) by extension 'colcon_meta'
[0.180s] Level 1:colcon.colcon_core.package_identification:_identify(panda_3dof_moveit_config) by extensions ['ros']
[0.180s] Level 1:colcon.colcon_core.package_identification:_identify(panda_3dof_moveit_config) by extension 'ros'
[0.180s] DEBUG:colcon.colcon_core.package_identification:Package 'panda_3dof_moveit_config' with type 'ros.ament_cmake' and name 'panda_3dof_moveit_config'
[0.180s] Level 1:colcon.colcon_core.package_identification:_identify(panda_4dof_moveit_config) by extensions ['ignore', 'ignore_ament_install']
[0.180s] Level 1:colcon.colcon_core.package_identification:_identify(panda_4dof_moveit_config) by extension 'ignore'
[0.180s] Level 1:colcon.colcon_core.package_identification:_identify(panda_4dof_moveit_config) by extension 'ignore_ament_install'
[0.180s] Level 1:colcon.colcon_core.package_identification:_identify(panda_4dof_moveit_config) by extensions ['colcon_pkg']
[0.180s] Level 1:colcon.colcon_core.package_identification:_identify(panda_4dof_moveit_config) by extension 'colcon_pkg'
[0.180s] Level 1:colcon.colcon_core.package_identification:_identify(panda_4dof_moveit_config) by extensions ['colcon_meta']
[0.180s] Level 1:colcon.colcon_core.package_identification:_identify(panda_4dof_moveit_config) by extension 'colcon_meta'
[0.180s] Level 1:colcon.colcon_core.package_identification:_identify(panda_4dof_moveit_config) by extensions ['ros']
[0.180s] Level 1:colcon.colcon_core.package_identification:_identify(panda_4dof_moveit_config) by extension 'ros'
[0.180s] DEBUG:colcon.colcon_core.package_identification:Package 'panda_4dof_moveit_config' with type 'ros.ament_cmake' and name 'panda_4dof_moveit_config'
[0.180s] Level 1:colcon.colcon_core.package_identification:_identify(panda_5dof_moveit_config) by extensions ['ignore', 'ignore_ament_install']
[0.181s] Level 1:colcon.colcon_core.package_identification:_identify(panda_5dof_moveit_config) by extension 'ignore'
[0.181s] Level 1:colcon.colcon_core.package_identification:_identify(panda_5dof_moveit_config) by extension 'ignore_ament_install'
[0.181s] Level 1:colcon.colcon_core.package_identification:_identify(panda_5dof_moveit_config) by extensions ['colcon_pkg']
[0.181s] Level 1:colcon.colcon_core.package_identification:_identify(panda_5dof_moveit_config) by extension 'colcon_pkg'
[0.181s] Level 1:colcon.colcon_core.package_identification:_identify(panda_5dof_moveit_config) by extensions ['colcon_meta']
[0.181s] Level 1:colcon.colcon_core.package_identification:_identify(panda_5dof_moveit_config) by extension 'colcon_meta'
[0.181s] Level 1:colcon.colcon_core.package_identification:_identify(panda_5dof_moveit_config) by extensions ['ros']
[0.181s] Level 1:colcon.colcon_core.package_identification:_identify(panda_5dof_moveit_config) by extension 'ros'
[0.181s] DEBUG:colcon.colcon_core.package_identification:Package 'panda_5dof_moveit_config' with type 'ros.ament_cmake' and name 'panda_5dof_moveit_config'
[0.181s] Level 1:colcon.colcon_core.package_identification:_identify(panda_6dof_moveit_config) by extensions ['ignore', 'ignore_ament_install']
[0.181s] Level 1:colcon.colcon_core.package_identification:_identify(panda_6dof_moveit_config) by extension 'ignore'
[0.181s] Level 1:colcon.colcon_core.package_identification:_identify(panda_6dof_moveit_config) by extension 'ignore_ament_install'
[0.181s] Level 1:colcon.colcon_core.package_identification:_identify(panda_6dof_moveit_config) by extensions ['colcon_pkg']
[0.181s] Level 1:colcon.colcon_core.package_identification:_identify(panda_6dof_moveit_config) by extension 'colcon_pkg'
[0.181s] Level 1:colcon.colcon_core.package_identification:_identify(panda_6dof_moveit_config) by extensions ['colcon_meta']
[0.181s] Level 1:colcon.colcon_core.package_identification:_identify(panda_6dof_moveit_config) by extension 'colcon_meta'
[0.181s] Level 1:colcon.colcon_core.package_identification:_identify(panda_6dof_moveit_config) by extensions ['ros']
[0.181s] Level 1:colcon.colcon_core.package_identification:_identify(panda_6dof_moveit_config) by extension 'ros'
[0.181s] DEBUG:colcon.colcon_core.package_identification:Package 'panda_6dof_moveit_config' with type 'ros.ament_cmake' and name 'panda_6dof_moveit_config'
[0.181s] Level 1:colcon.colcon_core.package_identification:_identify(panda_7dof_moveit_config) by extensions ['ignore', 'ignore_ament_install']
[0.182s] Level 1:colcon.colcon_core.package_identification:_identify(panda_7dof_moveit_config) by extension 'ignore'
[0.182s] Level 1:colcon.colcon_core.package_identification:_identify(panda_7dof_moveit_config) by extension 'ignore_ament_install'
[0.182s] Level 1:colcon.colcon_core.package_identification:_identify(panda_7dof_moveit_config) by extensions ['colcon_pkg']
[0.182s] Level 1:colcon.colcon_core.package_identification:_identify(panda_7dof_moveit_config) by extension 'colcon_pkg'
[0.182s] Level 1:colcon.colcon_core.package_identification:_identify(panda_7dof_moveit_config) by extensions ['colcon_meta']
[0.182s] Level 1:colcon.colcon_core.package_identification:_identify(panda_7dof_moveit_config) by extension 'colcon_meta'
[0.182s] Level 1:colcon.colcon_core.package_identification:_identify(panda_7dof_moveit_config) by extensions ['ros']
[0.182s] Level 1:colcon.colcon_core.package_identification:_identify(panda_7dof_moveit_config) by extension 'ros'
[0.182s] DEBUG:colcon.colcon_core.package_identification:Package 'panda_7dof_moveit_config' with type 'ros.ament_cmake' and name 'panda_7dof_moveit_config'
[0.182s] Level 1:colcon.colcon_core.package_identification:_identify(panda_urdf_modifications) by extensions ['ignore', 'ignore_ament_install']
[0.182s] Level 1:colcon.colcon_core.package_identification:_identify(panda_urdf_modifications) by extension 'ignore'
[0.182s] Level 1:colcon.colcon_core.package_identification:_identify(panda_urdf_modifications) by extension 'ignore_ament_install'
[0.182s] Level 1:colcon.colcon_core.package_identification:_identify(panda_urdf_modifications) by extensions ['colcon_pkg']
[0.182s] Level 1:colcon.colcon_core.package_identification:_identify(panda_urdf_modifications) by extension 'colcon_pkg'
[0.182s] Level 1:colcon.colcon_core.package_identification:_identify(panda_urdf_modifications) by extensions ['colcon_meta']
[0.182s] Level 1:colcon.colcon_core.package_identification:_identify(panda_urdf_modifications) by extension 'colcon_meta'
[0.182s] Level 1:colcon.colcon_core.package_identification:_identify(panda_urdf_modifications) by extensions ['ros']
[0.182s] Level 1:colcon.colcon_core.package_identification:_identify(panda_urdf_modifications) by extension 'ros'
[0.182s] DEBUG:colcon.colcon_core.package_identification:Package 'panda_urdf_modifications' with type 'ros.ament_cmake' and name 'panda_urdf_modifications'
[0.182s] Level 1:colcon.colcon_core.package_identification:_identify(six_dof_config) by extensions ['ignore', 'ignore_ament_install']
[0.182s] Level 1:colcon.colcon_core.package_identification:_identify(six_dof_config) by extension 'ignore'
[0.182s] Level 1:colcon.colcon_core.package_identification:_identify(six_dof_config) by extension 'ignore_ament_install'
[0.182s] Level 1:colcon.colcon_core.package_identification:_identify(six_dof_config) by extensions ['colcon_pkg']
[0.182s] Level 1:colcon.colcon_core.package_identification:_identify(six_dof_config) by extension 'colcon_pkg'
[0.182s] Level 1:colcon.colcon_core.package_identification:_identify(six_dof_config) by extensions ['colcon_meta']
[0.182s] Level 1:colcon.colcon_core.package_identification:_identify(six_dof_config) by extension 'colcon_meta'
[0.183s] Level 1:colcon.colcon_core.package_identification:_identify(six_dof_config) by extensions ['ros']
[0.183s] Level 1:colcon.colcon_core.package_identification:_identify(six_dof_config) by extension 'ros'
[0.183s] DEBUG:colcon.colcon_core.package_identification:Package 'six_dof_config' with type 'ros.ament_cmake' and name 'six_dof_config'
[0.183s] Level 1:colcon.colcon_core.package_identification:_identify(three_dof_config) by extensions ['ignore', 'ignore_ament_install']
[0.183s] Level 1:colcon.colcon_core.package_identification:_identify(three_dof_config) by extension 'ignore'
[0.183s] Level 1:colcon.colcon_core.package_identification:_identify(three_dof_config) by extension 'ignore_ament_install'
[0.183s] Level 1:colcon.colcon_core.package_identification:_identify(three_dof_config) by extensions ['colcon_pkg']
[0.183s] Level 1:colcon.colcon_core.package_identification:_identify(three_dof_config) by extension 'colcon_pkg'
[0.183s] Level 1:colcon.colcon_core.package_identification:_identify(three_dof_config) by extensions ['colcon_meta']
[0.183s] Level 1:colcon.colcon_core.package_identification:_identify(three_dof_config) by extension 'colcon_meta'
[0.183s] Level 1:colcon.colcon_core.package_identification:_identify(three_dof_config) by extensions ['ros']
[0.183s] Level 1:colcon.colcon_core.package_identification:_identify(three_dof_config) by extension 'ros'
[0.184s] DEBUG:colcon.colcon_core.package_identification:Package 'three_dof_config' with type 'ros.ament_cmake' and name 'three_dof_config'
[0.184s] Level 1:colcon.colcon_core.package_identification:_identify(two_dof_config) by extensions ['ignore', 'ignore_ament_install']
[0.184s] Level 1:colcon.colcon_core.package_identification:_identify(two_dof_config) by extension 'ignore'
[0.184s] Level 1:colcon.colcon_core.package_identification:_identify(two_dof_config) by extension 'ignore_ament_install'
[0.184s] Level 1:colcon.colcon_core.package_identification:_identify(two_dof_config) by extensions ['colcon_pkg']
[0.184s] Level 1:colcon.colcon_core.package_identification:_identify(two_dof_config) by extension 'colcon_pkg'
[0.184s] Level 1:colcon.colcon_core.package_identification:_identify(two_dof_config) by extensions ['colcon_meta']
[0.184s] Level 1:colcon.colcon_core.package_identification:_identify(two_dof_config) by extension 'colcon_meta'
[0.184s] Level 1:colcon.colcon_core.package_identification:_identify(two_dof_config) by extensions ['ros']
[0.184s] Level 1:colcon.colcon_core.package_identification:_identify(two_dof_config) by extension 'ros'
[0.184s] DEBUG:colcon.colcon_core.package_identification:Package 'two_dof_config' with type 'ros.ament_cmake' and name 'two_dof_config'
[0.184s] Level 1:colcon.colcon_core.package_identification:_identify(zero_dof_config) by extensions ['ignore', 'ignore_ament_install']
[0.184s] Level 1:colcon.colcon_core.package_identification:_identify(zero_dof_config) by extension 'ignore'
[0.184s] Level 1:colcon.colcon_core.package_identification:_identify(zero_dof_config) by extension 'ignore_ament_install'
[0.184s] Level 1:colcon.colcon_core.package_identification:_identify(zero_dof_config) by extensions ['colcon_pkg']
[0.184s] Level 1:colcon.colcon_core.package_identification:_identify(zero_dof_config) by extension 'colcon_pkg'
[0.184s] Level 1:colcon.colcon_core.package_identification:_identify(zero_dof_config) by extensions ['colcon_meta']
[0.184s] Level 1:colcon.colcon_core.package_identification:_identify(zero_dof_config) by extension 'colcon_meta'
[0.184s] Level 1:colcon.colcon_core.package_identification:_identify(zero_dof_config) by extensions ['ros']
[0.184s] Level 1:colcon.colcon_core.package_identification:_identify(zero_dof_config) by extension 'ros'
[0.185s] DEBUG:colcon.colcon_core.package_identification:Package 'zero_dof_config' with type 'ros.ament_python' and name 'zero_dof_config'
[0.185s] Level 1:colcon.colcon_core.package_discovery:discover_packages(recursive) using defaults
[0.185s] Level 1:colcon.colcon_core.package_discovery:discover_packages(ignore) discover
[0.185s] Level 1:colcon.colcon_core.package_discovery:discover_packages(ignore) using defaults
[0.185s] Level 1:colcon.colcon_core.package_discovery:discover_packages(path) discover
[0.185s] Level 1:colcon.colcon_core.package_discovery:discover_packages(path) using defaults
[0.198s] Level 1:colcon.colcon_core.package_discovery:discover_packages(prefix_path) check parameters
[0.198s] Level 1:colcon.colcon_core.package_discovery:discover_packages(prefix_path) discover
[0.201s] DEBUG:colcon.colcon_installed_package_information.package_discovery:Found 71 installed packages in /home/nick/ws_moveit/install
[0.202s] DEBUG:colcon.colcon_installed_package_information.package_discovery:Found 519 installed packages in /opt/ros/humble
[0.204s] Level 1:colcon.colcon_core.package_discovery:discover_packages(prefix_path) using defaults
[0.237s] Level 5:colcon.colcon_core.verb:set package 'custom_config' build argument 'cmake_args' from command line to 'None'
[0.237s] Level 5:colcon.colcon_core.verb:set package 'custom_config' build argument 'cmake_target' from command line to 'None'
[0.237s] Level 5:colcon.colcon_core.verb:set package 'custom_config' build argument 'cmake_target_skip_unavailable' from command line to 'False'
[0.237s] Level 5:colcon.colcon_core.verb:set package 'custom_config' build argument 'cmake_clean_cache' from command line to 'False'
[0.237s] Level 5:colcon.colcon_core.verb:set package 'custom_config' build argument 'cmake_clean_first' from command line to 'False'
[0.237s] Level 5:colcon.colcon_core.verb:set package 'custom_config' build argument 'cmake_force_configure' from command line to 'False'
[0.237s] Level 5:colcon.colcon_core.verb:set package 'custom_config' build argument 'ament_cmake_args' from command line to 'None'
[0.237s] Level 5:colcon.colcon_core.verb:set package 'custom_config' build argument 'catkin_cmake_args' from command line to 'None'
[0.237s] Level 5:colcon.colcon_core.verb:set package 'custom_config' build argument 'catkin_skip_building_tests' from command line to 'False'
[0.237s] DEBUG:colcon.colcon_core.verb:Building package 'custom_config' with the following arguments: {'ament_cmake_args': None, 'build_base': '/home/nick/panda_dof_ws/src/build/custom_config', 'catkin_cmake_args': None, 'catkin_skip_building_tests': False, 'cmake_args': None, 'cmake_clean_cache': False, 'cmake_clean_first': False, 'cmake_force_configure': False, 'cmake_target': None, 'cmake_target_skip_unavailable': False, 'install_base': '/home/nick/panda_dof_ws/src/install/custom_config', 'merge_install': False, 'path': '/home/nick/panda_dof_ws/src/custom_config', 'symlink_install': False, 'test_result_base': None}
[0.237s] Level 5:colcon.colcon_core.verb:set package 'panda_0dof_moveit_config' build argument 'cmake_args' from command line to 'None'
[0.237s] Level 5:colcon.colcon_core.verb:set package 'panda_0dof_moveit_config' build argument 'cmake_target' from command line to 'None'
[0.237s] Level 5:colcon.colcon_core.verb:set package 'panda_0dof_moveit_config' build argument 'cmake_target_skip_unavailable' from command line to 'False'
[0.237s] Level 5:colcon.colcon_core.verb:set package 'panda_0dof_moveit_config' build argument 'cmake_clean_cache' from command line to 'False'
[0.237s] Level 5:colcon.colcon_core.verb:set package 'panda_0dof_moveit_config' build argument 'cmake_clean_first' from command line to 'False'
[0.237s] Level 5:colcon.colcon_core.verb:set package 'panda_0dof_moveit_config' build argument 'cmake_force_configure' from command line to 'False'
[0.237s] Level 5:colcon.colcon_core.verb:set package 'panda_0dof_moveit_config' build argument 'ament_cmake_args' from command line to 'None'
[0.237s] Level 5:colcon.colcon_core.verb:set package 'panda_0dof_moveit_config' build argument 'catkin_cmake_args' from command line to 'None'
[0.237s] Level 5:colcon.colcon_core.verb:set package 'panda_0dof_moveit_config' build argument 'catkin_skip_building_tests' from command line to 'False'
[0.237s] DEBUG:colcon.colcon_core.verb:Building package 'panda_0dof_moveit_config' with the following arguments: {'ament_cmake_args': None, 'build_base': '/home/nick/panda_dof_ws/src/build/panda_0dof_moveit_config', 'catkin_cmake_args': None, 'catkin_skip_building_tests': False, 'cmake_args': None, 'cmake_clean_cache': False, 'cmake_clean_first': False, 'cmake_force_configure': False, 'cmake_target': None, 'cmake_target_skip_unavailable': False, 'install_base': '/home/nick/panda_dof_ws/src/install/panda_0dof_moveit_config', 'merge_install': False, 'path': '/home/nick/panda_dof_ws/src/panda_0dof_moveit_config', 'symlink_install': False, 'test_result_base': None}
[0.237s] Level 5:colcon.colcon_core.verb:set package 'panda_1dof_moveit_config' build argument 'cmake_args' from command line to 'None'
[0.237s] Level 5:colcon.colcon_core.verb:set package 'panda_1dof_moveit_config' build argument 'cmake_target' from command line to 'None'
[0.237s] Level 5:colcon.colcon_core.verb:set package 'panda_1dof_moveit_config' build argument 'cmake_target_skip_unavailable' from command line to 'False'
[0.237s] Level 5:colcon.colcon_core.verb:set package 'panda_1dof_moveit_config' build argument 'cmake_clean_cache' from command line to 'False'
[0.237s] Level 5:colcon.colcon_core.verb:set package 'panda_1dof_moveit_config' build argument 'cmake_clean_first' from command line to 'False'
[0.237s] Level 5:colcon.colcon_core.verb:set package 'panda_1dof_moveit_config' build argument 'cmake_force_configure' from command line to 'False'
[0.237s] Level 5:colcon.colcon_core.verb:set package 'panda_1dof_moveit_config' build argument 'ament_cmake_args' from command line to 'None'
[0.237s] Level 5:colcon.colcon_core.verb:set package 'panda_1dof_moveit_config' build argument 'catkin_cmake_args' from command line to 'None'
[0.237s] Level 5:colcon.colcon_core.verb:set package 'panda_1dof_moveit_config' build argument 'catkin_skip_building_tests' from command line to 'False'
[0.237s] DEBUG:colcon.colcon_core.verb:Building package 'panda_1dof_moveit_config' with the following arguments: {'ament_cmake_args': None, 'build_base': '/home/nick/panda_dof_ws/src/build/panda_1dof_moveit_config', 'catkin_cmake_args': None, 'catkin_skip_building_tests': False, 'cmake_args': None, 'cmake_clean_cache': False, 'cmake_clean_first': False, 'cmake_force_configure': False, 'cmake_target': None, 'cmake_target_skip_unavailable': False, 'install_base': '/home/nick/panda_dof_ws/src/install/panda_1dof_moveit_config', 'merge_install': False, 'path': '/home/nick/panda_dof_ws/src/panda_1dof_moveit_config', 'symlink_install': False, 'test_result_base': None}
[0.237s] Level 5:colcon.colcon_core.verb:set package 'panda_2dof_moveit_config' build argument 'cmake_args' from command line to 'None'
[0.237s] Level 5:colcon.colcon_core.verb:set package 'panda_2dof_moveit_config' build argument 'cmake_target' from command line to 'None'
[0.237s] Level 5:colcon.colcon_core.verb:set package 'panda_2dof_moveit_config' build argument 'cmake_target_skip_unavailable' from command line to 'False'
[0.237s] Level 5:colcon.colcon_core.verb:set package 'panda_2dof_moveit_config' build argument 'cmake_clean_cache' from command line to 'False'
[0.237s] Level 5:colcon.colcon_core.verb:set package 'panda_2dof_moveit_config' build argument 'cmake_clean_first' from command line to 'False'
[0.237s] Level 5:colcon.colcon_core.verb:set package 'panda_2dof_moveit_config' build argument 'cmake_force_configure' from command line to 'False'
[0.237s] Level 5:colcon.colcon_core.verb:set package 'panda_2dof_moveit_config' build argument 'ament_cmake_args' from command line to 'None'
[0.237s] Level 5:colcon.colcon_core.verb:set package 'panda_2dof_moveit_config' build argument 'catkin_cmake_args' from command line to 'None'
[0.237s] Level 5:colcon.colcon_core.verb:set package 'panda_2dof_moveit_config' build argument 'catkin_skip_building_tests' from command line to 'False'
[0.238s] DEBUG:colcon.colcon_core.verb:Building package 'panda_2dof_moveit_config' with the following arguments: {'ament_cmake_args': None, 'build_base': '/home/nick/panda_dof_ws/src/build/panda_2dof_moveit_config', 'catkin_cmake_args': None, 'catkin_skip_building_tests': False, 'cmake_args': None, 'cmake_clean_cache': False, 'cmake_clean_first': False, 'cmake_force_configure': False, 'cmake_target': None, 'cmake_target_skip_unavailable': False, 'install_base': '/home/nick/panda_dof_ws/src/install/panda_2dof_moveit_config', 'merge_install': False, 'path': '/home/nick/panda_dof_ws/src/panda_2dof_moveit_config', 'symlink_install': False, 'test_result_base': None}
[0.238s] Level 5:colcon.colcon_core.verb:set package 'panda_3dof_moveit_config' build argument 'cmake_args' from command line to 'None'
[0.238s] Level 5:colcon.colcon_core.verb:set package 'panda_3dof_moveit_config' build argument 'cmake_target' from command line to 'None'
[0.238s] Level 5:colcon.colcon_core.verb:set package 'panda_3dof_moveit_config' build argument 'cmake_target_skip_unavailable' from command line to 'False'
[0.238s] Level 5:colcon.colcon_core.verb:set package 'panda_3dof_moveit_config' build argument 'cmake_clean_cache' from command line to 'False'
[0.238s] Level 5:colcon.colcon_core.verb:set package 'panda_3dof_moveit_config' build argument 'cmake_clean_first' from command line to 'False'
[0.238s] Level 5:colcon.colcon_core.verb:set package 'panda_3dof_moveit_config' build argument 'cmake_force_configure' from command line to 'False'
[0.238s] Level 5:colcon.colcon_core.verb:set package 'panda_3dof_moveit_config' build argument 'ament_cmake_args' from command line to 'None'
[0.238s] Level 5:colcon.colcon_core.verb:set package 'panda_3dof_moveit_config' build argument 'catkin_cmake_args' from command line to 'None'
[0.238s] Level 5:colcon.colcon_core.verb:set package 'panda_3dof_moveit_config' build argument 'catkin_skip_building_tests' from command line to 'False'
[0.238s] DEBUG:colcon.colcon_core.verb:Building package 'panda_3dof_moveit_config' with the following arguments: {'ament_cmake_args': None, 'build_base': '/home/nick/panda_dof_ws/src/build/panda_3dof_moveit_config', 'catkin_cmake_args': None, 'catkin_skip_building_tests': False, 'cmake_args': None, 'cmake_clean_cache': False, 'cmake_clean_first': False, 'cmake_force_configure': False, 'cmake_target': None, 'cmake_target_skip_unavailable': False, 'install_base': '/home/nick/panda_dof_ws/src/install/panda_3dof_moveit_config', 'merge_install': False, 'path': '/home/nick/panda_dof_ws/src/panda_3dof_moveit_config', 'symlink_install': False, 'test_result_base': None}
[0.238s] Level 5:colcon.colcon_core.verb:set package 'panda_4dof_moveit_config' build argument 'cmake_args' from command line to 'None'
[0.238s] Level 5:colcon.colcon_core.verb:set package 'panda_4dof_moveit_config' build argument 'cmake_target' from command line to 'None'
[0.238s] Level 5:colcon.colcon_core.verb:set package 'panda_4dof_moveit_config' build argument 'cmake_target_skip_unavailable' from command line to 'False'
[0.238s] Level 5:colcon.colcon_core.verb:set package 'panda_4dof_moveit_config' build argument 'cmake_clean_cache' from command line to 'False'
[0.238s] Level 5:colcon.colcon_core.verb:set package 'panda_4dof_moveit_config' build argument 'cmake_clean_first' from command line to 'False'
[0.238s] Level 5:colcon.colcon_core.verb:set package 'panda_4dof_moveit_config' build argument 'cmake_force_configure' from command line to 'False'
[0.238s] Level 5:colcon.colcon_core.verb:set package 'panda_4dof_moveit_config' build argument 'ament_cmake_args' from command line to 'None'
[0.238s] Level 5:colcon.colcon_core.verb:set package 'panda_4dof_moveit_config' build argument 'catkin_cmake_args' from command line to 'None'
[0.238s] Level 5:colcon.colcon_core.verb:set package 'panda_4dof_moveit_config' build argument 'catkin_skip_building_tests' from command line to 'False'
[0.238s] DEBUG:colcon.colcon_core.verb:Building package 'panda_4dof_moveit_config' with the following arguments: {'ament_cmake_args': None, 'build_base': '/home/nick/panda_dof_ws/src/build/panda_4dof_moveit_config', 'catkin_cmake_args': None, 'catkin_skip_building_tests': False, 'cmake_args': None, 'cmake_clean_cache': False, 'cmake_clean_first': False, 'cmake_force_configure': False, 'cmake_target': None, 'cmake_target_skip_unavailable': False, 'install_base': '/home/nick/panda_dof_ws/src/install/panda_4dof_moveit_config', 'merge_install': False, 'path': '/home/nick/panda_dof_ws/src/panda_4dof_moveit_config', 'symlink_install': False, 'test_result_base': None}
[0.238s] Level 5:colcon.colcon_core.verb:set package 'panda_5dof_moveit_config' build argument 'cmake_args' from command line to 'None'
[0.238s] Level 5:colcon.colcon_core.verb:set package 'panda_5dof_moveit_config' build argument 'cmake_target' from command line to 'None'
[0.238s] Level 5:colcon.colcon_core.verb:set package 'panda_5dof_moveit_config' build argument 'cmake_target_skip_unavailable' from command line to 'False'
[0.238s] Level 5:colcon.colcon_core.verb:set package 'panda_5dof_moveit_config' build argument 'cmake_clean_cache' from command line to 'False'
[0.238s] Level 5:colcon.colcon_core.verb:set package 'panda_5dof_moveit_config' build argument 'cmake_clean_first' from command line to 'False'
[0.238s] Level 5:colcon.colcon_core.verb:set package 'panda_5dof_moveit_config' build argument 'cmake_force_configure' from command line to 'False'
[0.238s] Level 5:colcon.colcon_core.verb:set package 'panda_5dof_moveit_config' build argument 'ament_cmake_args' from command line to 'None'
[0.238s] Level 5:colcon.colcon_core.verb:set package 'panda_5dof_moveit_config' build argument 'catkin_cmake_args' from command line to 'None'
[0.238s] Level 5:colcon.colcon_core.verb:set package 'panda_5dof_moveit_config' build argument 'catkin_skip_building_tests' from command line to 'False'
[0.238s] DEBUG:colcon.colcon_core.verb:Building package 'panda_5dof_moveit_config' with the following arguments: {'ament_cmake_args': None, 'build_base': '/home/nick/panda_dof_ws/src/build/panda_5dof_moveit_config', 'catkin_cmake_args': None, 'catkin_skip_building_tests': False, 'cmake_args': None, 'cmake_clean_cache': False, 'cmake_clean_first': False, 'cmake_force_configure': False, 'cmake_target': None, 'cmake_target_skip_unavailable': False, 'install_base': '/home/nick/panda_dof_ws/src/install/panda_5dof_moveit_config', 'merge_install': False, 'path': '/home/nick/panda_dof_ws/src/panda_5dof_moveit_config', 'symlink_install': False, 'test_result_base': None}
[0.238s] Level 5:colcon.colcon_core.verb:set package 'panda_6dof_moveit_config' build argument 'cmake_args' from command line to 'None'
[0.238s] Level 5:colcon.colcon_core.verb:set package 'panda_6dof_moveit_config' build argument 'cmake_target' from command line to 'None'
[0.238s] Level 5:colcon.colcon_core.verb:set package 'panda_6dof_moveit_config' build argument 'cmake_target_skip_unavailable' from command line to 'False'
[0.238s] Level 5:colcon.colcon_core.verb:set package 'panda_6dof_moveit_config' build argument 'cmake_clean_cache' from command line to 'False'
[0.239s] Level 5:colcon.colcon_core.verb:set package 'panda_6dof_moveit_config' build argument 'cmake_clean_first' from command line to 'False'
[0.239s] Level 5:colcon.colcon_core.verb:set package 'panda_6dof_moveit_config' build argument 'cmake_force_configure' from command line to 'False'
[0.239s] Level 5:colcon.colcon_core.verb:set package 'panda_6dof_moveit_config' build argument 'ament_cmake_args' from command line to 'None'
[0.239s] Level 5:colcon.colcon_core.verb:set package 'panda_6dof_moveit_config' build argument 'catkin_cmake_args' from command line to 'None'
[0.239s] Level 5:colcon.colcon_core.verb:set package 'panda_6dof_moveit_config' build argument 'catkin_skip_building_tests' from command line to 'False'
[0.239s] DEBUG:colcon.colcon_core.verb:Building package 'panda_6dof_moveit_config' with the following arguments: {'ament_cmake_args': None, 'build_base': '/home/nick/panda_dof_ws/src/build/panda_6dof_moveit_config', 'catkin_cmake_args': None, 'catkin_skip_building_tests': False, 'cmake_args': None, 'cmake_clean_cache': False, 'cmake_clean_first': False, 'cmake_force_configure': False, 'cmake_target': None, 'cmake_target_skip_unavailable': False, 'install_base': '/home/nick/panda_dof_ws/src/install/panda_6dof_moveit_config', 'merge_install': False, 'path': '/home/nick/panda_dof_ws/src/panda_6dof_moveit_config', 'symlink_install': False, 'test_result_base': None}
[0.239s] Level 5:colcon.colcon_core.verb:set package 'panda_urdf_modifications' build argument 'cmake_args' from command line to 'None'
[0.239s] Level 5:colcon.colcon_core.verb:set package 'panda_urdf_modifications' build argument 'cmake_target' from command line to 'None'
[0.239s] Level 5:colcon.colcon_core.verb:set package 'panda_urdf_modifications' build argument 'cmake_target_skip_unavailable' from command line to 'False'
[0.239s] Level 5:colcon.colcon_core.verb:set package 'panda_urdf_modifications' build argument 'cmake_clean_cache' from command line to 'False'
[0.239s] Level 5:colcon.colcon_core.verb:set package 'panda_urdf_modifications' build argument 'cmake_clean_first' from command line to 'False'
[0.239s] Level 5:colcon.colcon_core.verb:set package 'panda_urdf_modifications' build argument 'cmake_force_configure' from command line to 'False'
[0.239s] Level 5:colcon.colcon_core.verb:set package 'panda_urdf_modifications' build argument 'ament_cmake_args' from command line to 'None'
[0.239s] Level 5:colcon.colcon_core.verb:set package 'panda_urdf_modifications' build argument 'catkin_cmake_args' from command line to 'None'
[0.239s] Level 5:colcon.colcon_core.verb:set package 'panda_urdf_modifications' build argument 'catkin_skip_building_tests' from command line to 'False'
[0.239s] DEBUG:colcon.colcon_core.verb:Building package 'panda_urdf_modifications' with the following arguments: {'ament_cmake_args': None, 'build_base': '/home/nick/panda_dof_ws/src/build/panda_urdf_modifications', 'catkin_cmake_args': None, 'catkin_skip_building_tests': False, 'cmake_args': None, 'cmake_clean_cache': False, 'cmake_clean_first': False, 'cmake_force_configure': False, 'cmake_target': None, 'cmake_target_skip_unavailable': False, 'install_base': '/home/nick/panda_dof_ws/src/install/panda_urdf_modifications', 'merge_install': False, 'path': '/home/nick/panda_dof_ws/src/panda_urdf_modifications', 'symlink_install': False, 'test_result_base': None}
[0.239s] Level 5:colcon.colcon_core.verb:set package 'zero_dof_config' build argument 'cmake_args' from command line to 'None'
[0.239s] Level 5:colcon.colcon_core.verb:set package 'zero_dof_config' build argument 'cmake_target' from command line to 'None'
[0.239s] Level 5:colcon.colcon_core.verb:set package 'zero_dof_config' build argument 'cmake_target_skip_unavailable' from command line to 'False'
[0.239s] Level 5:colcon.colcon_core.verb:set package 'zero_dof_config' build argument 'cmake_clean_cache' from command line to 'False'
[0.239s] Level 5:colcon.colcon_core.verb:set package 'zero_dof_config' build argument 'cmake_clean_first' from command line to 'False'
[0.239s] Level 5:colcon.colcon_core.verb:set package 'zero_dof_config' build argument 'cmake_force_configure' from command line to 'False'
[0.239s] Level 5:colcon.colcon_core.verb:set package 'zero_dof_config' build argument 'ament_cmake_args' from command line to 'None'
[0.239s] Level 5:colcon.colcon_core.verb:set package 'zero_dof_config' build argument 'catkin_cmake_args' from command line to 'None'
[0.239s] Level 5:colcon.colcon_core.verb:set package 'zero_dof_config' build argument 'catkin_skip_building_tests' from command line to 'False'
[0.239s] DEBUG:colcon.colcon_core.verb:Building package 'zero_dof_config' with the following arguments: {'ament_cmake_args': None, 'build_base': '/home/nick/panda_dof_ws/src/build/zero_dof_config', 'catkin_cmake_args': None, 'catkin_skip_building_tests': False, 'cmake_args': None, 'cmake_clean_cache': False, 'cmake_clean_first': False, 'cmake_force_configure': False, 'cmake_target': None, 'cmake_target_skip_unavailable': False, 'install_base': '/home/nick/panda_dof_ws/src/install/zero_dof_config', 'merge_install': False, 'path': '/home/nick/panda_dof_ws/src/zero_dof_config', 'symlink_install': False, 'test_result_base': None}
[0.239s] Level 5:colcon.colcon_core.verb:set package 'five_dof_config' build argument 'cmake_args' from command line to 'None'
[0.239s] Level 5:colcon.colcon_core.verb:set package 'five_dof_config' build argument 'cmake_target' from command line to 'None'
[0.239s] Level 5:colcon.colcon_core.verb:set package 'five_dof_config' build argument 'cmake_target_skip_unavailable' from command line to 'False'
[0.239s] Level 5:colcon.colcon_core.verb:set package 'five_dof_config' build argument 'cmake_clean_cache' from command line to 'False'
[0.239s] Level 5:colcon.colcon_core.verb:set package 'five_dof_config' build argument 'cmake_clean_first' from command line to 'False'
[0.239s] Level 5:colcon.colcon_core.verb:set package 'five_dof_config' build argument 'cmake_force_configure' from command line to 'False'
[0.239s] Level 5:colcon.colcon_core.verb:set package 'five_dof_config' build argument 'ament_cmake_args' from command line to 'None'
[0.239s] Level 5:colcon.colcon_core.verb:set package 'five_dof_config' build argument 'catkin_cmake_args' from command line to 'None'
[0.239s] Level 5:colcon.colcon_core.verb:set package 'five_dof_config' build argument 'catkin_skip_building_tests' from command line to 'False'
[0.239s] DEBUG:colcon.colcon_core.verb:Building package 'five_dof_config' with the following arguments: {'ament_cmake_args': None, 'build_base': '/home/nick/panda_dof_ws/src/build/five_dof_config', 'catkin_cmake_args': None, 'catkin_skip_building_tests': False, 'cmake_args': None, 'cmake_clean_cache': False, 'cmake_clean_first': False, 'cmake_force_configure': False, 'cmake_target': None, 'cmake_target_skip_unavailable': False, 'install_base': '/home/nick/panda_dof_ws/src/install/five_dof_config', 'merge_install': False, 'path': '/home/nick/panda_dof_ws/src/five_dof_config', 'symlink_install': False, 'test_result_base': None}
[0.240s] Level 5:colcon.colcon_core.verb:set package 'four_dof_config' build argument 'cmake_args' from command line to 'None'
[0.240s] Level 5:colcon.colcon_core.verb:set package 'four_dof_config' build argument 'cmake_target' from command line to 'None'
[0.240s] Level 5:colcon.colcon_core.verb:set package 'four_dof_config' build argument 'cmake_target_skip_unavailable' from command line to 'False'
[0.240s] Level 5:colcon.colcon_core.verb:set package 'four_dof_config' build argument 'cmake_clean_cache' from command line to 'False'
[0.240s] Level 5:colcon.colcon_core.verb:set package 'four_dof_config' build argument 'cmake_clean_first' from command line to 'False'
[0.240s] Level 5:colcon.colcon_core.verb:set package 'four_dof_config' build argument 'cmake_force_configure' from command line to 'False'
[0.240s] Level 5:colcon.colcon_core.verb:set package 'four_dof_config' build argument 'ament_cmake_args' from command line to 'None'
[0.240s] Level 5:colcon.colcon_core.verb:set package 'four_dof_config' build argument 'catkin_cmake_args' from command line to 'None'
[0.240s] Level 5:colcon.colcon_core.verb:set package 'four_dof_config' build argument 'catkin_skip_building_tests' from command line to 'False'
[0.240s] DEBUG:colcon.colcon_core.verb:Building package 'four_dof_config' with the following arguments: {'ament_cmake_args': None, 'build_base': '/home/nick/panda_dof_ws/src/build/four_dof_config', 'catkin_cmake_args': None, 'catkin_skip_building_tests': False, 'cmake_args': None, 'cmake_clean_cache': False, 'cmake_clean_first': False, 'cmake_force_configure': False, 'cmake_target': None, 'cmake_target_skip_unavailable': False, 'install_base': '/home/nick/panda_dof_ws/src/install/four_dof_config', 'merge_install': False, 'path': '/home/nick/panda_dof_ws/src/four_dof_config', 'symlink_install': False, 'test_result_base': None}
[0.240s] Level 5:colcon.colcon_core.verb:set package 'one_dof_config' build argument 'cmake_args' from command line to 'None'
[0.240s] Level 5:colcon.colcon_core.verb:set package 'one_dof_config' build argument 'cmake_target' from command line to 'None'
[0.240s] Level 5:colcon.colcon_core.verb:set package 'one_dof_config' build argument 'cmake_target_skip_unavailable' from command line to 'False'
[0.240s] Level 5:colcon.colcon_core.verb:set package 'one_dof_config' build argument 'cmake_clean_cache' from command line to 'False'
[0.240s] Level 5:colcon.colcon_core.verb:set package 'one_dof_config' build argument 'cmake_clean_first' from command line to 'False'
[0.240s] Level 5:colcon.colcon_core.verb:set package 'one_dof_config' build argument 'cmake_force_configure' from command line to 'False'
[0.240s] Level 5:colcon.colcon_core.verb:set package 'one_dof_config' build argument 'ament_cmake_args' from command line to 'None'
[0.240s] Level 5:colcon.colcon_core.verb:set package 'one_dof_config' build argument 'catkin_cmake_args' from command line to 'None'
[0.240s] Level 5:colcon.colcon_core.verb:set package 'one_dof_config' build argument 'catkin_skip_building_tests' from command line to 'False'
[0.240s] DEBUG:colcon.colcon_core.verb:Building package 'one_dof_config' with the following arguments: {'ament_cmake_args': None, 'build_base': '/home/nick/panda_dof_ws/src/build/one_dof_config', 'catkin_cmake_args': None, 'catkin_skip_building_tests': False, 'cmake_args': None, 'cmake_clean_cache': False, 'cmake_clean_first': False, 'cmake_force_configure': False, 'cmake_target': None, 'cmake_target_skip_unavailable': False, 'install_base': '/home/nick/panda_dof_ws/src/install/one_dof_config', 'merge_install': False, 'path': '/home/nick/panda_dof_ws/src/one_dof_config', 'symlink_install': False, 'test_result_base': None}
[0.240s] Level 5:colcon.colcon_core.verb:set package 'panda_7dof_moveit_config' build argument 'cmake_args' from command line to 'None'
[0.240s] Level 5:colcon.colcon_core.verb:set package 'panda_7dof_moveit_config' build argument 'cmake_target' from command line to 'None'
[0.240s] Level 5:colcon.colcon_core.verb:set package 'panda_7dof_moveit_config' build argument 'cmake_target_skip_unavailable' from command line to 'False'
[0.240s] Level 5:colcon.colcon_core.verb:set package 'panda_7dof_moveit_config' build argument 'cmake_clean_cache' from command line to 'False'
[0.240s] Level 5:colcon.colcon_core.verb:set package 'panda_7dof_moveit_config' build argument 'cmake_clean_first' from command line to 'False'
[0.240s] Level 5:colcon.colcon_core.verb:set package 'panda_7dof_moveit_config' build argument 'cmake_force_configure' from command line to 'False'
[0.240s] Level 5:colcon.colcon_core.verb:set package 'panda_7dof_moveit_config' build argument 'ament_cmake_args' from command line to 'None'
[0.240s] Level 5:colcon.colcon_core.verb:set package 'panda_7dof_moveit_config' build argument 'catkin_cmake_args' from command line to 'None'
[0.240s] Level 5:colcon.colcon_core.verb:set package 'panda_7dof_moveit_config' build argument 'catkin_skip_building_tests' from command line to 'False'
[0.240s] DEBUG:colcon.colcon_core.verb:Building package 'panda_7dof_moveit_config' with the following arguments: {'ament_cmake_args': None, 'build_base': '/home/nick/panda_dof_ws/src/build/panda_7dof_moveit_config', 'catkin_cmake_args': None, 'catkin_skip_building_tests': False, 'cmake_args': None, 'cmake_clean_cache': False, 'cmake_clean_first': False, 'cmake_force_configure': False, 'cmake_target': None, 'cmake_target_skip_unavailable': False, 'install_base': '/home/nick/panda_dof_ws/src/install/panda_7dof_moveit_config', 'merge_install': False, 'path': '/home/nick/panda_dof_ws/src/panda_7dof_moveit_config', 'symlink_install': False, 'test_result_base': None}
[0.240s] Level 5:colcon.colcon_core.verb:set package 'six_dof_config' build argument 'cmake_args' from command line to 'None'
[0.240s] Level 5:colcon.colcon_core.verb:set package 'six_dof_config' build argument 'cmake_target' from command line to 'None'
[0.240s] Level 5:colcon.colcon_core.verb:set package 'six_dof_config' build argument 'cmake_target_skip_unavailable' from command line to 'False'
[0.240s] Level 5:colcon.colcon_core.verb:set package 'six_dof_config' build argument 'cmake_clean_cache' from command line to 'False'
[0.240s] Level 5:colcon.colcon_core.verb:set package 'six_dof_config' build argument 'cmake_clean_first' from command line to 'False'
[0.240s] Level 5:colcon.colcon_core.verb:set package 'six_dof_config' build argument 'cmake_force_configure' from command line to 'False'
[0.240s] Level 5:colcon.colcon_core.verb:set package 'six_dof_config' build argument 'ament_cmake_args' from command line to 'None'
[0.240s] Level 5:colcon.colcon_core.verb:set package 'six_dof_config' build argument 'catkin_cmake_args' from command line to 'None'
[0.240s] Level 5:colcon.colcon_core.verb:set package 'six_dof_config' build argument 'catkin_skip_building_tests' from command line to 'False'
[0.240s] DEBUG:colcon.colcon_core.verb:Building package 'six_dof_config' with the following arguments: {'ament_cmake_args': None, 'build_base': '/home/nick/panda_dof_ws/src/build/six_dof_config', 'catkin_cmake_args': None, 'catkin_skip_building_tests': False, 'cmake_args': None, 'cmake_clean_cache': False, 'cmake_clean_first': False, 'cmake_force_configure': False, 'cmake_target': None, 'cmake_target_skip_unavailable': False, 'install_base': '/home/nick/panda_dof_ws/src/install/six_dof_config', 'merge_install': False, 'path': '/home/nick/panda_dof_ws/src/six_dof_config', 'symlink_install': False, 'test_result_base': None}
[0.241s] Level 5:colcon.colcon_core.verb:set package 'three_dof_config' build argument 'cmake_args' from command line to 'None'
[0.241s] Level 5:colcon.colcon_core.verb:set package 'three_dof_config' build argument 'cmake_target' from command line to 'None'
[0.241s] Level 5:colcon.colcon_core.verb:set package 'three_dof_config' build argument 'cmake_target_skip_unavailable' from command line to 'False'
[0.241s] Level 5:colcon.colcon_core.verb:set package 'three_dof_config' build argument 'cmake_clean_cache' from command line to 'False'
[0.241s] Level 5:colcon.colcon_core.verb:set package 'three_dof_config' build argument 'cmake_clean_first' from command line to 'False'
[0.241s] Level 5:colcon.colcon_core.verb:set package 'three_dof_config' build argument 'cmake_force_configure' from command line to 'False'
[0.241s] Level 5:colcon.colcon_core.verb:set package 'three_dof_config' build argument 'ament_cmake_args' from command line to 'None'
[0.241s] Level 5:colcon.colcon_core.verb:set package 'three_dof_config' build argument 'catkin_cmake_args' from command line to 'None'
[0.241s] Level 5:colcon.colcon_core.verb:set package 'three_dof_config' build argument 'catkin_skip_building_tests' from command line to 'False'
[0.241s] DEBUG:colcon.colcon_core.verb:Building package 'three_dof_config' with the following arguments: {'ament_cmake_args': None, 'build_base': '/home/nick/panda_dof_ws/src/build/three_dof_config', 'catkin_cmake_args': None, 'catkin_skip_building_tests': False, 'cmake_args': None, 'cmake_clean_cache': False, 'cmake_clean_first': False, 'cmake_force_configure': False, 'cmake_target': None, 'cmake_target_skip_unavailable': False, 'install_base': '/home/nick/panda_dof_ws/src/install/three_dof_config', 'merge_install': False, 'path': '/home/nick/panda_dof_ws/src/three_dof_config', 'symlink_install': False, 'test_result_base': None}
[0.241s] Level 5:colcon.colcon_core.verb:set package 'two_dof_config' build argument 'cmake_args' from command line to 'None'
[0.241s] Level 5:colcon.colcon_core.verb:set package 'two_dof_config' build argument 'cmake_target' from command line to 'None'
[0.241s] Level 5:colcon.colcon_core.verb:set package 'two_dof_config' build argument 'cmake_target_skip_unavailable' from command line to 'False'
[0.241s] Level 5:colcon.colcon_core.verb:set package 'two_dof_config' build argument 'cmake_clean_cache' from command line to 'False'
[0.241s] Level 5:colcon.colcon_core.verb:set package 'two_dof_config' build argument 'cmake_clean_first' from command line to 'False'
[0.241s] Level 5:colcon.colcon_core.verb:set package 'two_dof_config' build argument 'cmake_force_configure' from command line to 'False'
[0.241s] Level 5:colcon.colcon_core.verb:set package 'two_dof_config' build argument 'ament_cmake_args' from command line to 'None'
[0.241s] Level 5:colcon.colcon_core.verb:set package 'two_dof_config' build argument 'catkin_cmake_args' from command line to 'None'
[0.241s] Level 5:colcon.colcon_core.verb:set package 'two_dof_config' build argument 'catkin_skip_building_tests' from command line to 'False'
[0.241s] DEBUG:colcon.colcon_core.verb:Building package 'two_dof_config' with the following arguments: {'ament_cmake_args': None, 'build_base': '/home/nick/panda_dof_ws/src/build/two_dof_config', 'catkin_cmake_args': None, 'catkin_skip_building_tests': False, 'cmake_args': None, 'cmake_clean_cache': False, 'cmake_clean_first': False, 'cmake_force_configure': False, 'cmake_target': None, 'cmake_target_skip_unavailable': False, 'install_base': '/home/nick/panda_dof_ws/src/install/two_dof_config', 'merge_install': False, 'path': '/home/nick/panda_dof_ws/src/two_dof_config', 'symlink_install': False, 'test_result_base': None}
[0.241s] INFO:colcon.colcon_core.executor:Executing jobs using 'parallel' executor
[0.242s] DEBUG:colcon.colcon_parallel_executor.executor.parallel:run_until_complete
[0.242s] INFO:colcon.colcon_ros.task.ament_cmake.build:Building ROS package in '/home/nick/panda_dof_ws/src/panda_1dof_moveit_config' with build type 'ament_cmake'
[0.242s] INFO:colcon.colcon_cmake.task.cmake.build:Building CMake package in '/home/nick/panda_dof_ws/src/panda_1dof_moveit_config'
[0.243s] INFO:colcon.colcon_core.plugin_system:Skipping extension 'colcon_core.shell.bat': Not used on non-Windows systems
[0.244s] INFO:colcon.colcon_core.shell:Skip shell extension 'powershell' for command environment: Not usable outside of PowerShell
[0.244s] DEBUG:colcon.colcon_core.shell:Skip shell extension 'dsv' for command environment
[0.248s] INFO:colcon.colcon_ros.task.ament_cmake.build:Building ROS package in '/home/nick/panda_dof_ws/src/panda_2dof_moveit_config' with build type 'ament_cmake'
[0.248s] INFO:colcon.colcon_cmake.task.cmake.build:Building CMake package in '/home/nick/panda_dof_ws/src/panda_2dof_moveit_config'
[0.248s] INFO:colcon.colcon_core.shell:Skip shell extension 'powershell' for command environment: Not usable outside of PowerShell
[0.248s] DEBUG:colcon.colcon_core.shell:Skip shell extension 'dsv' for command environment
[0.252s] INFO:colcon.colcon_ros.task.ament_cmake.build:Building ROS package in '/home/nick/panda_dof_ws/src/panda_3dof_moveit_config' with build type 'ament_cmake'
[0.252s] INFO:colcon.colcon_cmake.task.cmake.build:Building CMake package in '/home/nick/panda_dof_ws/src/panda_3dof_moveit_config'
[0.252s] INFO:colcon.colcon_core.shell:Skip shell extension 'powershell' for command environment: Not usable outside of PowerShell
[0.252s] DEBUG:colcon.colcon_core.shell:Skip shell extension 'dsv' for command environment
[0.256s] INFO:colcon.colcon_ros.task.ament_cmake.build:Building ROS package in '/home/nick/panda_dof_ws/src/panda_4dof_moveit_config' with build type 'ament_cmake'
[0.256s] INFO:colcon.colcon_cmake.task.cmake.build:Building CMake package in '/home/nick/panda_dof_ws/src/panda_4dof_moveit_config'
[0.256s] INFO:colcon.colcon_core.shell:Skip shell extension 'powershell' for command environment: Not usable outside of PowerShell
[0.256s] DEBUG:colcon.colcon_core.shell:Skip shell extension 'dsv' for command environment
[0.260s] INFO:colcon.colcon_ros.task.ament_cmake.build:Building ROS package in '/home/nick/panda_dof_ws/src/panda_5dof_moveit_config' with build type 'ament_cmake'
[0.260s] INFO:colcon.colcon_cmake.task.cmake.build:Building CMake package in '/home/nick/panda_dof_ws/src/panda_5dof_moveit_config'
[0.260s] INFO:colcon.colcon_core.shell:Skip shell extension 'powershell' for command environment: Not usable outside of PowerShell
[0.260s] DEBUG:colcon.colcon_core.shell:Skip shell extension 'dsv' for command environment
[0.264s] INFO:colcon.colcon_ros.task.ament_cmake.build:Building ROS package in '/home/nick/panda_dof_ws/src/panda_6dof_moveit_config' with build type 'ament_cmake'
[0.264s] INFO:colcon.colcon_cmake.task.cmake.build:Building CMake package in '/home/nick/panda_dof_ws/src/panda_6dof_moveit_config'
[0.264s] INFO:colcon.colcon_core.shell:Skip shell extension 'powershell' for command environment: Not usable outside of PowerShell
[0.264s] DEBUG:colcon.colcon_core.shell:Skip shell extension 'dsv' for command environment
[0.268s] INFO:colcon.colcon_ros.task.ament_cmake.build:Building ROS package in '/home/nick/panda_dof_ws/src/panda_urdf_modifications' with build type 'ament_cmake'
[0.268s] INFO:colcon.colcon_cmake.task.cmake.build:Building CMake package in '/home/nick/panda_dof_ws/src/panda_urdf_modifications'
[0.268s] INFO:colcon.colcon_core.shell:Skip shell extension 'powershell' for command environment: Not usable outside of PowerShell
[0.268s] DEBUG:colcon.colcon_core.shell:Skip shell extension 'dsv' for command environment
[0.272s] INFO:colcon.colcon_ros.task.ament_cmake.build:Building ROS package in '/home/nick/panda_dof_ws/src/custom_config' with build type 'ament_cmake'
[0.272s] INFO:colcon.colcon_cmake.task.cmake.build:Building CMake package in '/home/nick/panda_dof_ws/src/custom_config'
[0.272s] INFO:colcon.colcon_core.shell:Skip shell extension 'powershell' for command environment: Not usable outside of PowerShell
[0.272s] DEBUG:colcon.colcon_core.shell:Skip shell extension 'dsv' for command environment
[0.276s] INFO:colcon.colcon_ros.task.ament_cmake.build:Building ROS package in '/home/nick/panda_dof_ws/src/panda_0dof_moveit_config' with build type 'ament_cmake'
[0.276s] INFO:colcon.colcon_cmake.task.cmake.build:Building CMake package in '/home/nick/panda_dof_ws/src/panda_0dof_moveit_config'
[0.276s] INFO:colcon.colcon_core.shell:Skip shell extension 'powershell' for command environment: Not usable outside of PowerShell
[0.276s] DEBUG:colcon.colcon_core.shell:Skip shell extension 'dsv' for command environment
[0.281s] INFO:colcon.colcon_ros.task.ament_python.build:Building ROS package in '/home/nick/panda_dof_ws/src/zero_dof_config' with build type 'ament_python'
[0.281s] Level 1:colcon.colcon_core.shell:create_environment_hook('zero_dof_config', 'ament_prefix_path')
[0.281s] INFO:colcon.colcon_core.shell:Creating environment hook '/home/nick/panda_dof_ws/src/install/zero_dof_config/share/zero_dof_config/hook/ament_prefix_path.ps1'
[0.282s] INFO:colcon.colcon_core.shell:Creating environment descriptor '/home/nick/panda_dof_ws/src/install/zero_dof_config/share/zero_dof_config/hook/ament_prefix_path.dsv'
[0.282s] INFO:colcon.colcon_core.shell:Creating environment hook '/home/nick/panda_dof_ws/src/install/zero_dof_config/share/zero_dof_config/hook/ament_prefix_path.sh'
[0.282s] INFO:colcon.colcon_core.shell:Skip shell extension 'powershell' for command environment: Not usable outside of PowerShell
[0.282s] DEBUG:colcon.colcon_core.shell:Skip shell extension 'dsv' for command environment
[0.290s] DEBUG:colcon.colcon_core.event_handler.log_command:Invoking command in '/home/nick/panda_dof_ws/src/build/panda_1dof_moveit_config': CMAKE_PREFIX_PATH=${CMAKE_PREFIX_PATH}:/home/nick/ws_moveit/install/moveit_configs_utils:/opt/ros/humble /usr/bin/cmake /home/nick/panda_dof_ws/src/panda_1dof_moveit_config -DCMAKE_INSTALL_PREFIX=/home/nick/panda_dof_ws/src/install/panda_1dof_moveit_config
[0.291s] DEBUG:colcon.colcon_core.event_handler.log_command:Invoking command in '/home/nick/panda_dof_ws/src/build/panda_2dof_moveit_config': CMAKE_PREFIX_PATH=${CMAKE_PREFIX_PATH}:/home/nick/ws_moveit/install/moveit_configs_utils:/opt/ros/humble /usr/bin/cmake /home/nick/panda_dof_ws/src/panda_2dof_moveit_config -DCMAKE_INSTALL_PREFIX=/home/nick/panda_dof_ws/src/install/panda_2dof_moveit_config
[0.292s] DEBUG:colcon.colcon_core.event_handler.log_command:Invoking command in '/home/nick/panda_dof_ws/src/build/panda_3dof_moveit_config': CMAKE_PREFIX_PATH=${CMAKE_PREFIX_PATH}:/home/nick/ws_moveit/install/moveit_configs_utils:/opt/ros/humble /usr/bin/cmake /home/nick/panda_dof_ws/src/panda_3dof_moveit_config -DCMAKE_INSTALL_PREFIX=/home/nick/panda_dof_ws/src/install/panda_3dof_moveit_config
[0.294s] DEBUG:colcon.colcon_core.event_handler.log_command:Invoking command in '/home/nick/panda_dof_ws/src/build/panda_4dof_moveit_config': CMAKE_PREFIX_PATH=${CMAKE_PREFIX_PATH}:/home/nick/ws_moveit/install/moveit_configs_utils:/opt/ros/humble /usr/bin/cmake /home/nick/panda_dof_ws/src/panda_4dof_moveit_config -DCMAKE_INSTALL_PREFIX=/home/nick/panda_dof_ws/src/install/panda_4dof_moveit_config
[0.296s] DEBUG:colcon.colcon_core.event_handler.log_command:Invoking command in '/home/nick/panda_dof_ws/src/build/panda_5dof_moveit_config': CMAKE_PREFIX_PATH=${CMAKE_PREFIX_PATH}:/home/nick/ws_moveit/install/moveit_configs_utils:/opt/ros/humble /usr/bin/cmake /home/nick/panda_dof_ws/src/panda_5dof_moveit_config -DCMAKE_INSTALL_PREFIX=/home/nick/panda_dof_ws/src/install/panda_5dof_moveit_config
[0.298s] DEBUG:colcon.colcon_core.event_handler.log_command:Invoking command in '/home/nick/panda_dof_ws/src/build/panda_6dof_moveit_config': CMAKE_PREFIX_PATH=${CMAKE_PREFIX_PATH}:/home/nick/ws_moveit/install/moveit_configs_utils:/opt/ros/humble /usr/bin/cmake /home/nick/panda_dof_ws/src/panda_6dof_moveit_config -DCMAKE_INSTALL_PREFIX=/home/nick/panda_dof_ws/src/install/panda_6dof_moveit_config
[0.300s] DEBUG:colcon.colcon_core.event_handler.log_command:Invoking command in '/home/nick/panda_dof_ws/src/build/panda_urdf_modifications': CMAKE_PREFIX_PATH=${CMAKE_PREFIX_PATH}:/home/nick/ws_moveit/install/moveit_configs_utils:/opt/ros/humble /usr/bin/cmake /home/nick/panda_dof_ws/src/panda_urdf_modifications -DCMAKE_INSTALL_PREFIX=/home/nick/panda_dof_ws/src/install/panda_urdf_modifications
[0.302s] DEBUG:colcon.colcon_core.event_handler.log_command:Invoking command in '/home/nick/panda_dof_ws/src/build/custom_config': CMAKE_PREFIX_PATH=${CMAKE_PREFIX_PATH}:/home/nick/ws_moveit/install/moveit_configs_utils:/opt/ros/humble /usr/bin/cmake /home/nick/panda_dof_ws/src/custom_config -DCMAKE_INSTALL_PREFIX=/home/nick/panda_dof_ws/src/install/custom_config
[0.306s] DEBUG:colcon.colcon_core.event_handler.log_command:Invoking command in '/home/nick/panda_dof_ws/src/build/panda_0dof_moveit_config': CMAKE_PREFIX_PATH=${CMAKE_PREFIX_PATH}:/home/nick/ws_moveit/install/moveit_configs_utils:/opt/ros/humble /usr/bin/cmake /home/nick/panda_dof_ws/src/panda_0dof_moveit_config -DCMAKE_INSTALL_PREFIX=/home/nick/panda_dof_ws/src/install/panda_0dof_moveit_config
[0.531s] INFO:colcon.colcon_core.task.python.build:Building Python package in '/home/nick/panda_dof_ws/src/zero_dof_config'
[0.532s] INFO:colcon.colcon_core.shell:Skip shell extension 'powershell' for command environment: Not usable outside of PowerShell
[0.532s] DEBUG:colcon.colcon_core.shell:Skip shell extension 'dsv' for command environment
[1.136s] DEBUG:colcon.colcon_core.event_handler.log_command:Invoking command in '/home/nick/panda_dof_ws/src/zero_dof_config': PYTHONPATH=/home/nick/panda_dof_ws/src/build/zero_dof_config/prefix_override:/usr/lib/python3/dist-packages/colcon_core/task/python/colcon_distutils_commands:/home/nick/panda_dof_ws/src/install/zero_dof_config/lib/python3.10/site-packages:${PYTHONPATH} /usr/bin/python3 -W ignore:setup.py install is deprecated -W ignore:easy_install command is deprecated setup.py egg_info --egg-base ../build/zero_dof_config build --build-base /home/nick/panda_dof_ws/src/build/zero_dof_config/build install --record /home/nick/panda_dof_ws/src/build/zero_dof_config/install.log --single-version-externally-managed install_data
[1.227s] DEBUG:colcon.colcon_core.event_handler.log_command:Invoked command in '/home/nick/panda_dof_ws/src/build/custom_config' returned '0': CMAKE_PREFIX_PATH=${CMAKE_PREFIX_PATH}:/home/nick/ws_moveit/install/moveit_configs_utils:/opt/ros/humble /usr/bin/cmake /home/nick/panda_dof_ws/src/custom_config -DCMAKE_INSTALL_PREFIX=/home/nick/panda_dof_ws/src/install/custom_config
[1.232s] DEBUG:colcon.colcon_core.event_handler.log_command:Invoking command in '/home/nick/panda_dof_ws/src/build/custom_config': CMAKE_PREFIX_PATH=${CMAKE_PREFIX_PATH}:/home/nick/ws_moveit/install/moveit_configs_utils:/opt/ros/humble /usr/bin/cmake --build /home/nick/panda_dof_ws/src/build/custom_config -- -j12 -l12
[1.246s] DEBUG:colcon.colcon_core.event_handler.log_command:Invoked command in '/home/nick/panda_dof_ws/src/build/panda_6dof_moveit_config' returned '0': CMAKE_PREFIX_PATH=${CMAKE_PREFIX_PATH}:/home/nick/ws_moveit/install/moveit_configs_utils:/opt/ros/humble /usr/bin/cmake /home/nick/panda_dof_ws/src/panda_6dof_moveit_config -DCMAKE_INSTALL_PREFIX=/home/nick/panda_dof_ws/src/install/panda_6dof_moveit_config
[1.246s] DEBUG:colcon.colcon_core.event_handler.log_command:Invoking command in '/home/nick/panda_dof_ws/src/build/panda_6dof_moveit_config': CMAKE_PREFIX_PATH=${CMAKE_PREFIX_PATH}:/home/nick/ws_moveit/install/moveit_configs_utils:/opt/ros/humble /usr/bin/cmake --build /home/nick/panda_dof_ws/src/build/panda_6dof_moveit_config -- -j12 -l12
[1.282s] DEBUG:colcon.colcon_core.event_handler.log_command:Invoked command in '/home/nick/panda_dof_ws/src/build/panda_3dof_moveit_config' returned '0': CMAKE_PREFIX_PATH=${CMAKE_PREFIX_PATH}:/home/nick/ws_moveit/install/moveit_configs_utils:/opt/ros/humble /usr/bin/cmake /home/nick/panda_dof_ws/src/panda_3dof_moveit_config -DCMAKE_INSTALL_PREFIX=/home/nick/panda_dof_ws/src/install/panda_3dof_moveit_config
[1.283s] DEBUG:colcon.colcon_core.event_handler.log_command:Invoking command in '/home/nick/panda_dof_ws/src/build/panda_3dof_moveit_config': CMAKE_PREFIX_PATH=${CMAKE_PREFIX_PATH}:/home/nick/ws_moveit/install/moveit_configs_utils:/opt/ros/humble /usr/bin/cmake --build /home/nick/panda_dof_ws/src/build/panda_3dof_moveit_config -- -j12 -l12
[1.288s] DEBUG:colcon.colcon_core.event_handler.log_command:Invoked command in '/home/nick/panda_dof_ws/src/build/panda_5dof_moveit_config' returned '0': CMAKE_PREFIX_PATH=${CMAKE_PREFIX_PATH}:/home/nick/ws_moveit/install/moveit_configs_utils:/opt/ros/humble /usr/bin/cmake /home/nick/panda_dof_ws/src/panda_5dof_moveit_config -DCMAKE_INSTALL_PREFIX=/home/nick/panda_dof_ws/src/install/panda_5dof_moveit_config
[1.293s] DEBUG:colcon.colcon_core.event_handler.log_command:Invoking command in '/home/nick/panda_dof_ws/src/build/panda_5dof_moveit_config': CMAKE_PREFIX_PATH=${CMAKE_PREFIX_PATH}:/home/nick/ws_moveit/install/moveit_configs_utils:/opt/ros/humble /usr/bin/cmake --build /home/nick/panda_dof_ws/src/build/panda_5dof_moveit_config -- -j12 -l12
[1.294s] DEBUG:colcon.colcon_core.event_handler.log_command:Invoked command in '/home/nick/panda_dof_ws/src/build/custom_config' returned '0': CMAKE_PREFIX_PATH=${CMAKE_PREFIX_PATH}:/home/nick/ws_moveit/install/moveit_configs_utils:/opt/ros/humble /usr/bin/cmake --build /home/nick/panda_dof_ws/src/build/custom_config -- -j12 -l12
[1.308s] DEBUG:colcon.colcon_core.event_handler.log_command:Invoking command in '/home/nick/panda_dof_ws/src/build/custom_config': CMAKE_PREFIX_PATH=${CMAKE_PREFIX_PATH}:/home/nick/ws_moveit/install/moveit_configs_utils:/opt/ros/humble /usr/bin/cmake --install /home/nick/panda_dof_ws/src/build/custom_config
[1.309s] DEBUG:colcon.colcon_core.event_handler.log_command:Invoked command in '/home/nick/panda_dof_ws/src/build/panda_6dof_moveit_config' returned '0': CMAKE_PREFIX_PATH=${CMAKE_PREFIX_PATH}:/home/nick/ws_moveit/install/moveit_configs_utils:/opt/ros/humble /usr/bin/cmake --build /home/nick/panda_dof_ws/src/build/panda_6dof_moveit_config -- -j12 -l12
[1.311s] DEBUG:colcon.colcon_core.event_handler.log_command:Invoking command in '/home/nick/panda_dof_ws/src/build/panda_6dof_moveit_config': CMAKE_PREFIX_PATH=${CMAKE_PREFIX_PATH}:/home/nick/ws_moveit/install/moveit_configs_utils:/opt/ros/humble /usr/bin/cmake --install /home/nick/panda_dof_ws/src/build/panda_6dof_moveit_config
[1.313s] DEBUG:colcon.colcon_core.event_handler.log_command:Invoked command in '/home/nick/panda_dof_ws/src/build/panda_4dof_moveit_config' returned '0': CMAKE_PREFIX_PATH=${CMAKE_PREFIX_PATH}:/home/nick/ws_moveit/install/moveit_configs_utils:/opt/ros/humble /usr/bin/cmake /home/nick/panda_dof_ws/src/panda_4dof_moveit_config -DCMAKE_INSTALL_PREFIX=/home/nick/panda_dof_ws/src/install/panda_4dof_moveit_config
[1.314s] DEBUG:colcon.colcon_core.event_handler.log_command:Invoking command in '/home/nick/panda_dof_ws/src/build/panda_4dof_moveit_config': CMAKE_PREFIX_PATH=${CMAKE_PREFIX_PATH}:/home/nick/ws_moveit/install/moveit_configs_utils:/opt/ros/humble /usr/bin/cmake --build /home/nick/panda_dof_ws/src/build/panda_4dof_moveit_config -- -j12 -l12
[1.317s] DEBUG:colcon.colcon_core.event_handler.log_command:Invoked command in '/home/nick/panda_dof_ws/src/build/panda_0dof_moveit_config' returned '0': CMAKE_PREFIX_PATH=${CMAKE_PREFIX_PATH}:/home/nick/ws_moveit/install/moveit_configs_utils:/opt/ros/humble /usr/bin/cmake /home/nick/panda_dof_ws/src/panda_0dof_moveit_config -DCMAKE_INSTALL_PREFIX=/home/nick/panda_dof_ws/src/install/panda_0dof_moveit_config
[1.317s] DEBUG:colcon.colcon_core.event_handler.log_command:Invoking command in '/home/nick/panda_dof_ws/src/build/panda_0dof_moveit_config': CMAKE_PREFIX_PATH=${CMAKE_PREFIX_PATH}:/home/nick/ws_moveit/install/moveit_configs_utils:/opt/ros/humble /usr/bin/cmake --build /home/nick/panda_dof_ws/src/build/panda_0dof_moveit_config -- -j12 -l12
[1.328s] DEBUG:colcon.colcon_core.event_handler.log_command:Invoked command in '/home/nick/panda_dof_ws/src/build/panda_2dof_moveit_config' returned '0': CMAKE_PREFIX_PATH=${CMAKE_PREFIX_PATH}:/home/nick/ws_moveit/install/moveit_configs_utils:/opt/ros/humble /usr/bin/cmake /home/nick/panda_dof_ws/src/panda_2dof_moveit_config -DCMAKE_INSTALL_PREFIX=/home/nick/panda_dof_ws/src/install/panda_2dof_moveit_config
[1.330s] DEBUG:colcon.colcon_core.event_handler.log_command:Invoking command in '/home/nick/panda_dof_ws/src/build/panda_2dof_moveit_config': CMAKE_PREFIX_PATH=${CMAKE_PREFIX_PATH}:/home/nick/ws_moveit/install/moveit_configs_utils:/opt/ros/humble /usr/bin/cmake --build /home/nick/panda_dof_ws/src/build/panda_2dof_moveit_config -- -j12 -l12
[1.331s] Level 1:colcon.colcon_core.environment:create_environment_scripts_only(custom_config)
[1.331s] DEBUG:colcon.colcon_core.event_handler.log_command:Invoked command in '/home/nick/panda_dof_ws/src/build/custom_config' returned '0': CMAKE_PREFIX_PATH=${CMAKE_PREFIX_PATH}:/home/nick/ws_moveit/install/moveit_configs_utils:/opt/ros/humble /usr/bin/cmake --install /home/nick/panda_dof_ws/src/build/custom_config
[1.333s] Level 1:colcon.colcon_core.environment:checking '/home/nick/panda_dof_ws/src/install/custom_config' for CMake module files
[1.334s] Level 1:colcon.colcon_core.environment:checking '/home/nick/panda_dof_ws/src/install/custom_config' for CMake config files
[1.334s] Level 1:colcon.colcon_core.shell:create_environment_hook('custom_config', 'cmake_prefix_path')
[1.334s] INFO:colcon.colcon_core.shell:Creating environment hook '/home/nick/panda_dof_ws/src/install/custom_config/share/custom_config/hook/cmake_prefix_path.ps1'
[1.334s] INFO:colcon.colcon_core.shell:Creating environment descriptor '/home/nick/panda_dof_ws/src/install/custom_config/share/custom_config/hook/cmake_prefix_path.dsv'
[1.334s] INFO:colcon.colcon_core.shell:Creating environment hook '/home/nick/panda_dof_ws/src/install/custom_config/share/custom_config/hook/cmake_prefix_path.sh'
[1.335s] Level 1:colcon.colcon_core.environment:checking '/home/nick/panda_dof_ws/src/install/custom_config/bin'
[1.335s] Level 1:colcon.colcon_core.environment:checking '/home/nick/panda_dof_ws/src/install/custom_config/lib/pkgconfig/custom_config.pc'
[1.335s] Level 1:colcon.colcon_core.environment:checking '/home/nick/panda_dof_ws/src/install/custom_config/lib/python3.10/site-packages'
[1.335s] Level 1:colcon.colcon_core.environment:checking '/home/nick/panda_dof_ws/src/install/custom_config/bin'
[1.336s] INFO:colcon.colcon_core.shell:Creating package script '/home/nick/panda_dof_ws/src/install/custom_config/share/custom_config/package.ps1'
[1.337s] INFO:colcon.colcon_core.shell:Creating package descriptor '/home/nick/panda_dof_ws/src/install/custom_config/share/custom_config/package.dsv'
[1.337s] INFO:colcon.colcon_core.shell:Creating package script '/home/nick/panda_dof_ws/src/install/custom_config/share/custom_config/package.sh'
[1.337s] INFO:colcon.colcon_core.shell:Creating package script '/home/nick/panda_dof_ws/src/install/custom_config/share/custom_config/package.bash'
[1.338s] INFO:colcon.colcon_core.shell:Creating package script '/home/nick/panda_dof_ws/src/install/custom_config/share/custom_config/package.zsh'
[1.338s] Level 1:colcon.colcon_core.environment:create_file_with_runtime_dependencies(/home/nick/panda_dof_ws/src/install/custom_config/share/colcon-core/packages/custom_config)
[1.339s] Level 1:colcon.colcon_core.environment:create_environment_scripts_only(custom_config)
[1.339s] Level 1:colcon.colcon_core.environment:checking '/home/nick/panda_dof_ws/src/install/custom_config' for CMake module files
[1.339s] Level 1:colcon.colcon_core.environment:checking '/home/nick/panda_dof_ws/src/install/custom_config' for CMake config files
[1.339s] Level 1:colcon.colcon_core.shell:create_environment_hook('custom_config', 'cmake_prefix_path')
[1.340s] INFO:colcon.colcon_core.shell:Creating environment hook '/home/nick/panda_dof_ws/src/install/custom_config/share/custom_config/hook/cmake_prefix_path.ps1'
[1.340s] INFO:colcon.colcon_core.shell:Creating environment descriptor '/home/nick/panda_dof_ws/src/install/custom_config/share/custom_config/hook/cmake_prefix_path.dsv'
[1.340s] INFO:colcon.colcon_core.shell:Creating environment hook '/home/nick/panda_dof_ws/src/install/custom_config/share/custom_config/hook/cmake_prefix_path.sh'
[1.340s] Level 1:colcon.colcon_core.environment:checking '/home/nick/panda_dof_ws/src/install/custom_config/bin'
[1.341s] Level 1:colcon.colcon_core.environment:checking '/home/nick/panda_dof_ws/src/install/custom_config/lib/pkgconfig/custom_config.pc'
[1.341s] Level 1:colcon.colcon_core.environment:checking '/home/nick/panda_dof_ws/src/install/custom_config/lib/python3.10/site-packages'
[1.341s] Level 1:colcon.colcon_core.environment:checking '/home/nick/panda_dof_ws/src/install/custom_config/bin'
[1.341s] INFO:colcon.colcon_core.shell:Creating package script '/home/nick/panda_dof_ws/src/install/custom_config/share/custom_config/package.ps1'
[1.341s] INFO:colcon.colcon_core.shell:Creating package descriptor '/home/nick/panda_dof_ws/src/install/custom_config/share/custom_config/package.dsv'
[1.342s] INFO:colcon.colcon_core.shell:Creating package script '/home/nick/panda_dof_ws/src/install/custom_config/share/custom_config/package.sh'
[1.342s] INFO:colcon.colcon_core.shell:Creating package script '/home/nick/panda_dof_ws/src/install/custom_config/share/custom_config/package.bash'
[1.342s] INFO:colcon.colcon_core.shell:Creating package script '/home/nick/panda_dof_ws/src/install/custom_config/share/custom_config/package.zsh'
[1.343s] Level 1:colcon.colcon_core.environment:create_file_with_runtime_dependencies(/home/nick/panda_dof_ws/src/install/custom_config/share/colcon-core/packages/custom_config)
[1.345s] DEBUG:colcon.colcon_core.event_handler.log_command:Invoked command in '/home/nick/panda_dof_ws/src/build/panda_1dof_moveit_config' returned '0': CMAKE_PREFIX_PATH=${CMAKE_PREFIX_PATH}:/home/nick/ws_moveit/install/moveit_configs_utils:/opt/ros/humble /usr/bin/cmake /home/nick/panda_dof_ws/src/panda_1dof_moveit_config -DCMAKE_INSTALL_PREFIX=/home/nick/panda_dof_ws/src/install/panda_1dof_moveit_config
[1.345s] DEBUG:colcon.colcon_core.event_handler.log_command:Invoking command in '/home/nick/panda_dof_ws/src/build/panda_1dof_moveit_config': CMAKE_PREFIX_PATH=${CMAKE_PREFIX_PATH}:/home/nick/ws_moveit/install/moveit_configs_utils:/opt/ros/humble /usr/bin/cmake --build /home/nick/panda_dof_ws/src/build/panda_1dof_moveit_config -- -j12 -l12
[1.346s] Level 1:colcon.colcon_core.environment:create_environment_scripts_only(panda_6dof_moveit_config)
[1.347s] Level 1:colcon.colcon_core.environment:checking '/home/nick/panda_dof_ws/src/install/panda_6dof_moveit_config' for CMake module files
[1.347s] DEBUG:colcon.colcon_core.event_handler.log_command:Invoked command in '/home/nick/panda_dof_ws/src/build/panda_6dof_moveit_config' returned '0': CMAKE_PREFIX_PATH=${CMAKE_PREFIX_PATH}:/home/nick/ws_moveit/install/moveit_configs_utils:/opt/ros/humble /usr/bin/cmake --install /home/nick/panda_dof_ws/src/build/panda_6dof_moveit_config
[1.347s] Level 1:colcon.colcon_core.environment:checking '/home/nick/panda_dof_ws/src/install/panda_6dof_moveit_config' for CMake config files
[1.348s] Level 1:colcon.colcon_core.shell:create_environment_hook('panda_6dof_moveit_config', 'cmake_prefix_path')
[1.348s] INFO:colcon.colcon_core.shell:Creating environment hook '/home/nick/panda_dof_ws/src/install/panda_6dof_moveit_config/share/panda_6dof_moveit_config/hook/cmake_prefix_path.ps1'
[1.348s] INFO:colcon.colcon_core.shell:Creating environment descriptor '/home/nick/panda_dof_ws/src/install/panda_6dof_moveit_config/share/panda_6dof_moveit_config/hook/cmake_prefix_path.dsv'
[1.349s] INFO:colcon.colcon_core.shell:Creating environment hook '/home/nick/panda_dof_ws/src/install/panda_6dof_moveit_config/share/panda_6dof_moveit_config/hook/cmake_prefix_path.sh'
[1.349s] Level 1:colcon.colcon_core.environment:checking '/home/nick/panda_dof_ws/src/install/panda_6dof_moveit_config/bin'
[1.350s] Level 1:colcon.colcon_core.environment:checking '/home/nick/panda_dof_ws/src/install/panda_6dof_moveit_config/lib/pkgconfig/panda_6dof_moveit_config.pc'
[1.350s] Level 1:colcon.colcon_core.environment:checking '/home/nick/panda_dof_ws/src/install/panda_6dof_moveit_config/lib/python3.10/site-packages'
[1.350s] Level 1:colcon.colcon_core.environment:checking '/home/nick/panda_dof_ws/src/install/panda_6dof_moveit_config/bin'
[1.350s] INFO:colcon.colcon_core.shell:Creating package script '/home/nick/panda_dof_ws/src/install/panda_6dof_moveit_config/share/panda_6dof_moveit_config/package.ps1'
[1.351s] INFO:colcon.colcon_core.shell:Creating package descriptor '/home/nick/panda_dof_ws/src/install/panda_6dof_moveit_config/share/panda_6dof_moveit_config/package.dsv'
[1.351s] INFO:colcon.colcon_core.shell:Creating package script '/home/nick/panda_dof_ws/src/install/panda_6dof_moveit_config/share/panda_6dof_moveit_config/package.sh'
[1.352s] INFO:colcon.colcon_core.shell:Creating package script '/home/nick/panda_dof_ws/src/install/panda_6dof_moveit_config/share/panda_6dof_moveit_config/package.bash'
[1.352s] INFO:colcon.colcon_core.shell:Creating package script '/home/nick/panda_dof_ws/src/install/panda_6dof_moveit_config/share/panda_6dof_moveit_config/package.zsh'
[1.353s] Level 1:colcon.colcon_core.environment:create_file_with_runtime_dependencies(/home/nick/panda_dof_ws/src/install/panda_6dof_moveit_config/share/colcon-core/packages/panda_6dof_moveit_config)
[1.353s] Level 1:colcon.colcon_core.environment:create_environment_scripts_only(panda_6dof_moveit_config)
[1.353s] Level 1:colcon.colcon_core.environment:checking '/home/nick/panda_dof_ws/src/install/panda_6dof_moveit_config' for CMake module files
[1.354s] Level 1:colcon.colcon_core.environment:checking '/home/nick/panda_dof_ws/src/install/panda_6dof_moveit_config' for CMake config files
[1.354s] Level 1:colcon.colcon_core.shell:create_environment_hook('panda_6dof_moveit_config', 'cmake_prefix_path')
[1.354s] INFO:colcon.colcon_core.shell:Creating environment hook '/home/nick/panda_dof_ws/src/install/panda_6dof_moveit_config/share/panda_6dof_moveit_config/hook/cmake_prefix_path.ps1'
[1.355s] INFO:colcon.colcon_core.shell:Creating environment descriptor '/home/nick/panda_dof_ws/src/install/panda_6dof_moveit_config/share/panda_6dof_moveit_config/hook/cmake_prefix_path.dsv'
[1.355s] INFO:colcon.colcon_core.shell:Creating environment hook '/home/nick/panda_dof_ws/src/install/panda_6dof_moveit_config/share/panda_6dof_moveit_config/hook/cmake_prefix_path.sh'
[1.356s] Level 1:colcon.colcon_core.environment:checking '/home/nick/panda_dof_ws/src/install/panda_6dof_moveit_config/bin'
[1.356s] Level 1:colcon.colcon_core.environment:checking '/home/nick/panda_dof_ws/src/install/panda_6dof_moveit_config/lib/pkgconfig/panda_6dof_moveit_config.pc'
[1.356s] Level 1:colcon.colcon_core.environment:checking '/home/nick/panda_dof_ws/src/install/panda_6dof_moveit_config/lib/python3.10/site-packages'
[1.356s] Level 1:colcon.colcon_core.environment:checking '/home/nick/panda_dof_ws/src/install/panda_6dof_moveit_config/bin'
[1.356s] INFO:colcon.colcon_core.shell:Creating package script '/home/nick/panda_dof_ws/src/install/panda_6dof_moveit_config/share/panda_6dof_moveit_config/package.ps1'
[1.356s] INFO:colcon.colcon_core.shell:Creating package descriptor '/home/nick/panda_dof_ws/src/install/panda_6dof_moveit_config/share/panda_6dof_moveit_config/package.dsv'
[1.357s] INFO:colcon.colcon_core.shell:Creating package script '/home/nick/panda_dof_ws/src/install/panda_6dof_moveit_config/share/panda_6dof_moveit_config/package.sh'
[1.357s] INFO:colcon.colcon_core.shell:Creating package script '/home/nick/panda_dof_ws/src/install/panda_6dof_moveit_config/share/panda_6dof_moveit_config/package.bash'
[1.357s] INFO:colcon.colcon_core.shell:Creating package script '/home/nick/panda_dof_ws/src/install/panda_6dof_moveit_config/share/panda_6dof_moveit_config/package.zsh'
[1.358s] Level 1:colcon.colcon_core.environment:create_file_with_runtime_dependencies(/home/nick/panda_dof_ws/src/install/panda_6dof_moveit_config/share/colcon-core/packages/panda_6dof_moveit_config)
[1.359s] DEBUG:colcon.colcon_core.event_handler.log_command:Invoked command in '/home/nick/panda_dof_ws/src/build/panda_3dof_moveit_config' returned '0': CMAKE_PREFIX_PATH=${CMAKE_PREFIX_PATH}:/home/nick/ws_moveit/install/moveit_configs_utils:/opt/ros/humble /usr/bin/cmake --build /home/nick/panda_dof_ws/src/build/panda_3dof_moveit_config -- -j12 -l12
[1.361s] DEBUG:colcon.colcon_core.event_handler.log_command:Invoking command in '/home/nick/panda_dof_ws/src/build/panda_3dof_moveit_config': CMAKE_PREFIX_PATH=${CMAKE_PREFIX_PATH}:/home/nick/ws_moveit/install/moveit_configs_utils:/opt/ros/humble /usr/bin/cmake --install /home/nick/panda_dof_ws/src/build/panda_3dof_moveit_config
[1.362s] INFO:colcon.colcon_ros.task.ament_cmake.build:Building ROS package in '/home/nick/panda_dof_ws/src/six_dof_config' with build type 'ament_cmake'
[1.362s] DEBUG:colcon.colcon_core.event_handler.log_command:Invoked command in '/home/nick/panda_dof_ws/src/build/panda_urdf_modifications' returned '0': CMAKE_PREFIX_PATH=${CMAKE_PREFIX_PATH}:/home/nick/ws_moveit/install/moveit_configs_utils:/opt/ros/humble /usr/bin/cmake /home/nick/panda_dof_ws/src/panda_urdf_modifications -DCMAKE_INSTALL_PREFIX=/home/nick/panda_dof_ws/src/install/panda_urdf_modifications
[1.362s] INFO:colcon.colcon_cmake.task.cmake.build:Building CMake package in '/home/nick/panda_dof_ws/src/six_dof_config'
[1.362s] INFO:colcon.colcon_core.shell:Skip shell extension 'powershell' for command environment: Not usable outside of PowerShell
[1.362s] DEBUG:colcon.colcon_core.shell:Skip shell extension 'dsv' for command environment
[1.363s] DEBUG:colcon.colcon_core.event_handler.log_command:Invoking command in '/home/nick/panda_dof_ws/src/build/panda_urdf_modifications': CMAKE_PREFIX_PATH=${CMAKE_PREFIX_PATH}:/home/nick/ws_moveit/install/moveit_configs_utils:/opt/ros/humble /usr/bin/cmake --build /home/nick/panda_dof_ws/src/build/panda_urdf_modifications -- -j12 -l12
[1.373s] DEBUG:colcon.colcon_core.event_handler.log_command:Invoked command in '/home/nick/panda_dof_ws/src/build/panda_5dof_moveit_config' returned '0': CMAKE_PREFIX_PATH=${CMAKE_PREFIX_PATH}:/home/nick/ws_moveit/install/moveit_configs_utils:/opt/ros/humble /usr/bin/cmake --build /home/nick/panda_dof_ws/src/build/panda_5dof_moveit_config -- -j12 -l12
[1.375s] DEBUG:colcon.colcon_core.event_handler.log_command:Invoking command in '/home/nick/panda_dof_ws/src/build/panda_5dof_moveit_config': CMAKE_PREFIX_PATH=${CMAKE_PREFIX_PATH}:/home/nick/ws_moveit/install/moveit_configs_utils:/opt/ros/humble /usr/bin/cmake --install /home/nick/panda_dof_ws/src/build/panda_5dof_moveit_config
[1.377s] DEBUG:colcon.colcon_core.event_handler.log_command:Invoked command in '/home/nick/panda_dof_ws/src/build/panda_4dof_moveit_config' returned '0': CMAKE_PREFIX_PATH=${CMAKE_PREFIX_PATH}:/home/nick/ws_moveit/install/moveit_configs_utils:/opt/ros/humble /usr/bin/cmake --build /home/nick/panda_dof_ws/src/build/panda_4dof_moveit_config -- -j12 -l12
[1.379s] DEBUG:colcon.colcon_core.event_handler.log_command:Invoking command in '/home/nick/panda_dof_ws/src/build/panda_4dof_moveit_config': CMAKE_PREFIX_PATH=${CMAKE_PREFIX_PATH}:/home/nick/ws_moveit/install/moveit_configs_utils:/opt/ros/humble /usr/bin/cmake --install /home/nick/panda_dof_ws/src/build/panda_4dof_moveit_config
[1.380s] DEBUG:colcon.colcon_core.event_handler.log_command:Invoked command in '/home/nick/panda_dof_ws/src/build/panda_0dof_moveit_config' returned '0': CMAKE_PREFIX_PATH=${CMAKE_PREFIX_PATH}:/home/nick/ws_moveit/install/moveit_configs_utils:/opt/ros/humble /usr/bin/cmake --build /home/nick/panda_dof_ws/src/build/panda_0dof_moveit_config -- -j12 -l12
[1.381s] DEBUG:colcon.colcon_core.event_handler.log_command:Invoking command in '/home/nick/panda_dof_ws/src/build/panda_0dof_moveit_config': CMAKE_PREFIX_PATH=${CMAKE_PREFIX_PATH}:/home/nick/ws_moveit/install/moveit_configs_utils:/opt/ros/humble /usr/bin/cmake --install /home/nick/panda_dof_ws/src/build/panda_0dof_moveit_config
[1.381s] Level 1:colcon.colcon_core.environment:create_environment_scripts_only(panda_3dof_moveit_config)
[1.382s] Level 1:colcon.colcon_core.environment:checking '/home/nick/panda_dof_ws/src/install/panda_3dof_moveit_config' for CMake module files
[1.382s] DEBUG:colcon.colcon_core.event_handler.log_command:Invoked command in '/home/nick/panda_dof_ws/src/build/panda_3dof_moveit_config' returned '0': CMAKE_PREFIX_PATH=${CMAKE_PREFIX_PATH}:/home/nick/ws_moveit/install/moveit_configs_utils:/opt/ros/humble /usr/bin/cmake --install /home/nick/panda_dof_ws/src/build/panda_3dof_moveit_config
[1.383s] Level 1:colcon.colcon_core.environment:checking '/home/nick/panda_dof_ws/src/install/panda_3dof_moveit_config' for CMake config files
[1.383s] Level 1:colcon.colcon_core.shell:create_environment_hook('panda_3dof_moveit_config', 'cmake_prefix_path')
[1.384s] INFO:colcon.colcon_core.shell:Creating environment hook '/home/nick/panda_dof_ws/src/install/panda_3dof_moveit_config/share/panda_3dof_moveit_config/hook/cmake_prefix_path.ps1'
[1.384s] INFO:colcon.colcon_core.shell:Creating environment descriptor '/home/nick/panda_dof_ws/src/install/panda_3dof_moveit_config/share/panda_3dof_moveit_config/hook/cmake_prefix_path.dsv'
[1.385s] INFO:colcon.colcon_core.shell:Creating environment hook '/home/nick/panda_dof_ws/src/install/panda_3dof_moveit_config/share/panda_3dof_moveit_config/hook/cmake_prefix_path.sh'
[1.388s] Level 1:colcon.colcon_core.environment:checking '/home/nick/panda_dof_ws/src/install/panda_3dof_moveit_config/bin'
[1.388s] Level 1:colcon.colcon_core.environment:checking '/home/nick/panda_dof_ws/src/install/panda_3dof_moveit_config/lib/pkgconfig/panda_3dof_moveit_config.pc'
[1.388s] Level 1:colcon.colcon_core.environment:checking '/home/nick/panda_dof_ws/src/install/panda_3dof_moveit_config/lib/python3.10/site-packages'
[1.388s] Level 1:colcon.colcon_core.environment:checking '/home/nick/panda_dof_ws/src/install/panda_3dof_moveit_config/bin'
[1.389s] INFO:colcon.colcon_core.shell:Creating package script '/home/nick/panda_dof_ws/src/install/panda_3dof_moveit_config/share/panda_3dof_moveit_config/package.ps1'
[1.390s] INFO:colcon.colcon_core.shell:Creating package descriptor '/home/nick/panda_dof_ws/src/install/panda_3dof_moveit_config/share/panda_3dof_moveit_config/package.dsv'
[1.390s] INFO:colcon.colcon_core.shell:Creating package script '/home/nick/panda_dof_ws/src/install/panda_3dof_moveit_config/share/panda_3dof_moveit_config/package.sh'
[1.391s] INFO:colcon.colcon_core.shell:Creating package script '/home/nick/panda_dof_ws/src/install/panda_3dof_moveit_config/share/panda_3dof_moveit_config/package.bash'
[1.391s] INFO:colcon.colcon_core.shell:Creating package script '/home/nick/panda_dof_ws/src/install/panda_3dof_moveit_config/share/panda_3dof_moveit_config/package.zsh'
[1.391s] Level 1:colcon.colcon_core.environment:create_file_with_runtime_dependencies(/home/nick/panda_dof_ws/src/install/panda_3dof_moveit_config/share/colcon-core/packages/panda_3dof_moveit_config)
[1.392s] Level 1:colcon.colcon_core.environment:create_environment_scripts_only(panda_3dof_moveit_config)
[1.392s] Level 1:colcon.colcon_core.environment:checking '/home/nick/panda_dof_ws/src/install/panda_3dof_moveit_config' for CMake module files
[1.392s] Level 1:colcon.colcon_core.environment:checking '/home/nick/panda_dof_ws/src/install/panda_3dof_moveit_config' for CMake config files
[1.392s] Level 1:colcon.colcon_core.shell:create_environment_hook('panda_3dof_moveit_config', 'cmake_prefix_path')
[1.392s] INFO:colcon.colcon_core.shell:Creating environment hook '/home/nick/panda_dof_ws/src/install/panda_3dof_moveit_config/share/panda_3dof_moveit_config/hook/cmake_prefix_path.ps1'
[1.393s] INFO:colcon.colcon_core.shell:Creating environment descriptor '/home/nick/panda_dof_ws/src/install/panda_3dof_moveit_config/share/panda_3dof_moveit_config/hook/cmake_prefix_path.dsv'
[1.393s] INFO:colcon.colcon_core.shell:Creating environment hook '/home/nick/panda_dof_ws/src/install/panda_3dof_moveit_config/share/panda_3dof_moveit_config/hook/cmake_prefix_path.sh'
[1.393s] Level 1:colcon.colcon_core.environment:checking '/home/nick/panda_dof_ws/src/install/panda_3dof_moveit_config/bin'
[1.393s] Level 1:colcon.colcon_core.environment:checking '/home/nick/panda_dof_ws/src/install/panda_3dof_moveit_config/lib/pkgconfig/panda_3dof_moveit_config.pc'
[1.393s] Level 1:colcon.colcon_core.environment:checking '/home/nick/panda_dof_ws/src/install/panda_3dof_moveit_config/lib/python3.10/site-packages'
[1.393s] Level 1:colcon.colcon_core.environment:checking '/home/nick/panda_dof_ws/src/install/panda_3dof_moveit_config/bin'
[1.394s] INFO:colcon.colcon_core.shell:Creating package script '/home/nick/panda_dof_ws/src/install/panda_3dof_moveit_config/share/panda_3dof_moveit_config/package.ps1'
[1.394s] INFO:colcon.colcon_core.shell:Creating package descriptor '/home/nick/panda_dof_ws/src/install/panda_3dof_moveit_config/share/panda_3dof_moveit_config/package.dsv'
[1.394s] INFO:colcon.colcon_core.shell:Creating package script '/home/nick/panda_dof_ws/src/install/panda_3dof_moveit_config/share/panda_3dof_moveit_config/package.sh'
[1.395s] INFO:colcon.colcon_core.shell:Creating package script '/home/nick/panda_dof_ws/src/install/panda_3dof_moveit_config/share/panda_3dof_moveit_config/package.bash'
[1.395s] INFO:colcon.colcon_core.shell:Creating package script '/home/nick/panda_dof_ws/src/install/panda_3dof_moveit_config/share/panda_3dof_moveit_config/package.zsh'
[1.395s] Level 1:colcon.colcon_core.environment:create_file_with_runtime_dependencies(/home/nick/panda_dof_ws/src/install/panda_3dof_moveit_config/share/colcon-core/packages/panda_3dof_moveit_config)
[1.397s] INFO:colcon.colcon_ros.task.ament_cmake.build:Building ROS package in '/home/nick/panda_dof_ws/src/three_dof_config' with build type 'ament_cmake'
[1.397s] INFO:colcon.colcon_cmake.task.cmake.build:Building CMake package in '/home/nick/panda_dof_ws/src/three_dof_config'
[1.397s] INFO:colcon.colcon_core.shell:Skip shell extension 'powershell' for command environment: Not usable outside of PowerShell
[1.397s] DEBUG:colcon.colcon_core.shell:Skip shell extension 'dsv' for command environment
[1.399s] DEBUG:colcon.colcon_core.event_handler.log_command:Invoked command in '/home/nick/panda_dof_ws/src/build/panda_2dof_moveit_config' returned '0': CMAKE_PREFIX_PATH=${CMAKE_PREFIX_PATH}:/home/nick/ws_moveit/install/moveit_configs_utils:/opt/ros/humble /usr/bin/cmake --build /home/nick/panda_dof_ws/src/build/panda_2dof_moveit_config -- -j12 -l12
[1.399s] DEBUG:colcon.colcon_core.event_handler.log_command:Invoking command in '/home/nick/panda_dof_ws/src/build/panda_2dof_moveit_config': CMAKE_PREFIX_PATH=${CMAKE_PREFIX_PATH}:/home/nick/ws_moveit/install/moveit_configs_utils:/opt/ros/humble /usr/bin/cmake --install /home/nick/panda_dof_ws/src/build/panda_2dof_moveit_config
[1.410s] Level 1:colcon.colcon_core.environment:create_environment_scripts_only(panda_5dof_moveit_config)
[1.410s] Level 1:colcon.colcon_core.environment:checking '/home/nick/panda_dof_ws/src/install/panda_5dof_moveit_config' for CMake module files
[1.411s] DEBUG:colcon.colcon_core.event_handler.log_command:Invoking command in '/home/nick/panda_dof_ws/src/build/six_dof_config': AMENT_PREFIX_PATH=/home/nick/panda_dof_ws/src/install/panda_6dof_moveit_config:${AMENT_PREFIX_PATH} CMAKE_PREFIX_PATH=/home/nick/panda_dof_ws/src/install/panda_6dof_moveit_config:/home/nick/ws_moveit/install/robotiq_hardware_tests:/home/nick/ws_moveit/install/robotiq_driver:/home/nick/ws_moveit/install/serial:/home/nick/ws_moveit/install/moveit2_tutorials:/home/nick/ws_moveit/install/hello_moveit:/home/nick/ws_moveit/install/moveit_visual_tools:/home/nick/ws_moveit/install/rviz_visual_tools:/home/nick/ws_moveit/install/moveit_task_constructor_visualization:/home/nick/ws_moveit/install/moveit_task_constructor_demo:/home/nick/ws_moveit/install/moveit_task_constructor_capabilities:/home/nick/ws_moveit/install/moveit_task_constructor_core:/home/nick/ws_moveit/install/rviz_marker_tools:/home/nick/ws_moveit/install/kortex_bringup:/home/nick/ws_moveit/install/kinova_gen3_lite_moveit_config:/home/nick/ws_moveit/install/kinova_gen3_7dof_robotiq_2f_85_moveit_config:/home/nick/ws_moveit/install/kinova_gen3_6dof_robotiq_2f_85_moveit_config:/home/nick/ws_moveit/install/kortex_description:/home/nick/ws_moveit/install/robotiq_description:/home/nick/ws_moveit/install/robotiq_controllers:/home/nick/ws_moveit/install/pilz_industrial_motion_planner_testutils:/home/nick/ws_moveit/install/moveit_runtime:/home/nick/ws_moveit/install/moveit:/home/nick/ws_moveit/install/moveit_planners:/home/nick/ws_moveit/install/pilz_industrial_motion_planner:/home/nick/ws_moveit/install/moveit_task_constructor_msgs:/home/nick/ws_moveit/install/moveit_ros_control_interface:/home/nick/ws_moveit/install/moveit_plugins:/home/nick/ws_moveit/install/moveit_simple_controller_manager:/home/nick/ws_moveit/install/moveit_setup_assistant:/home/nick/ws_moveit/install/moveit_setup_srdf_plugins:/home/nick/ws_moveit/install/moveit_setup_core_plugins:/home/nick/ws_moveit/install/moveit_setup_controllers:/home/nick/ws_moveit/install/moveit_setup_app_plugins:/home/nick/ws_moveit/install/moveit_setup_framework:/home/nick/ws_moveit/install/moveit_servo:/home/nick/ws_moveit/install/moveit_ros_trajectory_cache:/home/nick/ws_moveit/install/moveit_ros:/home/nick/ws_moveit/install/moveit_ros_visualization:/home/nick/ws_moveit/install/moveit_py:/home/nick/ws_moveit/install/moveit_hybrid_planning:/home/nick/ws_moveit/install/moveit_ros_planning_interface:/home/nick/ws_moveit/install/moveit_ros_benchmarks:/home/nick/ws_moveit/install/moveit_ros_warehouse:/home/nick/ws_moveit/install/moveit_ros_robot_interaction:/home/nick/ws_moveit/install/moveit_ros_perception:/home/nick/ws_moveit/install/moveit_resources_prbt_pg70_support:/home/nick/ws_moveit/install/moveit_resources_prbt_moveit_config:/home/nick/ws_moveit/install/moveit_ros_move_group:/home/nick/ws_moveit/install/moveit_planners_ompl:/home/nick/ws_moveit/install/moveit_kinematics:/home/nick/ws_moveit/install/moveit_ros_planning:/home/nick/ws_moveit/install/moveit_ros_occupancy_map_monitor:/home/nick/ws_moveit/install/moveit_resources_prbt_support:/home/nick/ws_moveit/install/moveit_resources_prbt_ikfast_manipulator_plugin:/home/nick/ws_moveit/install/moveit_resources:/home/nick/ws_moveit/install/moveit_resources_pr2_description:/home/nick/ws_moveit/install/moveit_resources_panda_moveit_config:/home/nick/ws_moveit/install/dual_arm_panda_moveit_config:/home/nick/ws_moveit/install/moveit_resources_panda_description:/home/nick/ws_moveit/install/moveit_resources_fanuc_moveit_config:/home/nick/ws_moveit/install/moveit_resources_fanuc_description:/home/nick/ws_moveit/install/moveit_planners_stomp:/home/nick/ws_moveit/install/moveit_planners_chomp:/home/nick/ws_moveit/install/chomp_motion_planner:/home/nick/ws_moveit/install/moveit_core:/home/nick/ws_moveit/install/moveit_msgs:/home/nick/ws_moveit/install/moveit_common:/home/nick/ws_moveit/install/kortex_driver:/home/nick/ws_moveit/install/kortex_api:/home/nick/ws_moveit/install/moveit_configs_utils:/opt/ros/humble /usr/bin/cmake /home/nick/panda_dof_ws/src/six_dof_config -DCMAKE_INSTALL_PREFIX=/home/nick/panda_dof_ws/src/install/six_dof_config
[1.411s] DEBUG:colcon.colcon_core.event_handler.log_command:Invoked command in '/home/nick/panda_dof_ws/src/build/panda_5dof_moveit_config' returned '0': CMAKE_PREFIX_PATH=${CMAKE_PREFIX_PATH}:/home/nick/ws_moveit/install/moveit_configs_utils:/opt/ros/humble /usr/bin/cmake --install /home/nick/panda_dof_ws/src/build/panda_5dof_moveit_config
[1.411s] Level 1:colcon.colcon_core.environment:checking '/home/nick/panda_dof_ws/src/install/panda_5dof_moveit_config' for CMake config files
[1.411s] Level 1:colcon.colcon_core.shell:create_environment_hook('panda_5dof_moveit_config', 'cmake_prefix_path')
[1.412s] INFO:colcon.colcon_core.shell:Creating environment hook '/home/nick/panda_dof_ws/src/install/panda_5dof_moveit_config/share/panda_5dof_moveit_config/hook/cmake_prefix_path.ps1'
[1.412s] INFO:colcon.colcon_core.shell:Creating environment descriptor '/home/nick/panda_dof_ws/src/install/panda_5dof_moveit_config/share/panda_5dof_moveit_config/hook/cmake_prefix_path.dsv'
[1.413s] INFO:colcon.colcon_core.shell:Creating environment hook '/home/nick/panda_dof_ws/src/install/panda_5dof_moveit_config/share/panda_5dof_moveit_config/hook/cmake_prefix_path.sh'
[1.413s] Level 1:colcon.colcon_core.environment:checking '/home/nick/panda_dof_ws/src/install/panda_5dof_moveit_config/bin'
[1.413s] Level 1:colcon.colcon_core.environment:checking '/home/nick/panda_dof_ws/src/install/panda_5dof_moveit_config/lib/pkgconfig/panda_5dof_moveit_config.pc'
[1.414s] Level 1:colcon.colcon_core.environment:checking '/home/nick/panda_dof_ws/src/install/panda_5dof_moveit_config/lib/python3.10/site-packages'
[1.414s] Level 1:colcon.colcon_core.environment:checking '/home/nick/panda_dof_ws/src/install/panda_5dof_moveit_config/bin'
[1.414s] INFO:colcon.colcon_core.shell:Creating package script '/home/nick/panda_dof_ws/src/install/panda_5dof_moveit_config/share/panda_5dof_moveit_config/package.ps1'
[1.415s] INFO:colcon.colcon_core.shell:Creating package descriptor '/home/nick/panda_dof_ws/src/install/panda_5dof_moveit_config/share/panda_5dof_moveit_config/package.dsv'
[1.415s] INFO:colcon.colcon_core.shell:Creating package script '/home/nick/panda_dof_ws/src/install/panda_5dof_moveit_config/share/panda_5dof_moveit_config/package.sh'
[1.415s] INFO:colcon.colcon_core.shell:Creating package script '/home/nick/panda_dof_ws/src/install/panda_5dof_moveit_config/share/panda_5dof_moveit_config/package.bash'
[1.416s] INFO:colcon.colcon_core.shell:Creating package script '/home/nick/panda_dof_ws/src/install/panda_5dof_moveit_config/share/panda_5dof_moveit_config/package.zsh'
[1.416s] Level 1:colcon.colcon_core.environment:create_file_with_runtime_dependencies(/home/nick/panda_dof_ws/src/install/panda_5dof_moveit_config/share/colcon-core/packages/panda_5dof_moveit_config)
[1.417s] Level 1:colcon.colcon_core.environment:create_environment_scripts_only(panda_5dof_moveit_config)
[1.417s] Level 1:colcon.colcon_core.environment:checking '/home/nick/panda_dof_ws/src/install/panda_5dof_moveit_config' for CMake module files
[1.417s] Level 1:colcon.colcon_core.environment:checking '/home/nick/panda_dof_ws/src/install/panda_5dof_moveit_config' for CMake config files
[1.418s] Level 1:colcon.colcon_core.shell:create_environment_hook('panda_5dof_moveit_config', 'cmake_prefix_path')
[1.418s] INFO:colcon.colcon_core.shell:Creating environment hook '/home/nick/panda_dof_ws/src/install/panda_5dof_moveit_config/share/panda_5dof_moveit_config/hook/cmake_prefix_path.ps1'
[1.418s] INFO:colcon.colcon_core.shell:Creating environment descriptor '/home/nick/panda_dof_ws/src/install/panda_5dof_moveit_config/share/panda_5dof_moveit_config/hook/cmake_prefix_path.dsv'
[1.419s] INFO:colcon.colcon_core.shell:Creating environment hook '/home/nick/panda_dof_ws/src/install/panda_5dof_moveit_config/share/panda_5dof_moveit_config/hook/cmake_prefix_path.sh'
[1.419s] Level 1:colcon.colcon_core.environment:checking '/home/nick/panda_dof_ws/src/install/panda_5dof_moveit_config/bin'
[1.419s] Level 1:colcon.colcon_core.environment:checking '/home/nick/panda_dof_ws/src/install/panda_5dof_moveit_config/lib/pkgconfig/panda_5dof_moveit_config.pc'
[1.419s] Level 1:colcon.colcon_core.environment:checking '/home/nick/panda_dof_ws/src/install/panda_5dof_moveit_config/lib/python3.10/site-packages'
[1.420s] Level 1:colcon.colcon_core.environment:checking '/home/nick/panda_dof_ws/src/install/panda_5dof_moveit_config/bin'
[1.420s] INFO:colcon.colcon_core.shell:Creating package script '/home/nick/panda_dof_ws/src/install/panda_5dof_moveit_config/share/panda_5dof_moveit_config/package.ps1'
[1.420s] INFO:colcon.colcon_core.shell:Creating package descriptor '/home/nick/panda_dof_ws/src/install/panda_5dof_moveit_config/share/panda_5dof_moveit_config/package.dsv'
[1.420s] INFO:colcon.colcon_core.shell:Creating package script '/home/nick/panda_dof_ws/src/install/panda_5dof_moveit_config/share/panda_5dof_moveit_config/package.sh'
[1.421s] INFO:colcon.colcon_core.shell:Creating package script '/home/nick/panda_dof_ws/src/install/panda_5dof_moveit_config/share/panda_5dof_moveit_config/package.bash'
[1.421s] INFO:colcon.colcon_core.shell:Creating package script '/home/nick/panda_dof_ws/src/install/panda_5dof_moveit_config/share/panda_5dof_moveit_config/package.zsh'
[1.421s] Level 1:colcon.colcon_core.environment:create_file_with_runtime_dependencies(/home/nick/panda_dof_ws/src/install/panda_5dof_moveit_config/share/colcon-core/packages/panda_5dof_moveit_config)
[1.422s] DEBUG:colcon.colcon_core.event_handler.log_command:Invoked command in '/home/nick/panda_dof_ws/src/build/panda_1dof_moveit_config' returned '0': CMAKE_PREFIX_PATH=${CMAKE_PREFIX_PATH}:/home/nick/ws_moveit/install/moveit_configs_utils:/opt/ros/humble /usr/bin/cmake --build /home/nick/panda_dof_ws/src/build/panda_1dof_moveit_config -- -j12 -l12
[1.422s] DEBUG:colcon.colcon_core.event_handler.log_command:Invoking command in '/home/nick/panda_dof_ws/src/build/panda_1dof_moveit_config': CMAKE_PREFIX_PATH=${CMAKE_PREFIX_PATH}:/home/nick/ws_moveit/install/moveit_configs_utils:/opt/ros/humble /usr/bin/cmake --install /home/nick/panda_dof_ws/src/build/panda_1dof_moveit_config
[1.423s] Level 1:colcon.colcon_core.environment:create_environment_scripts_only(panda_4dof_moveit_config)
[1.423s] Level 1:colcon.colcon_core.environment:checking '/home/nick/panda_dof_ws/src/install/panda_4dof_moveit_config' for CMake module files
[1.423s] DEBUG:colcon.colcon_core.event_handler.log_command:Invoked command in '/home/nick/panda_dof_ws/src/build/panda_4dof_moveit_config' returned '0': CMAKE_PREFIX_PATH=${CMAKE_PREFIX_PATH}:/home/nick/ws_moveit/install/moveit_configs_utils:/opt/ros/humble /usr/bin/cmake --install /home/nick/panda_dof_ws/src/build/panda_4dof_moveit_config
[1.423s] Level 1:colcon.colcon_core.environment:checking '/home/nick/panda_dof_ws/src/install/panda_4dof_moveit_config' for CMake config files
[1.423s] Level 1:colcon.colcon_core.shell:create_environment_hook('panda_4dof_moveit_config', 'cmake_prefix_path')
[1.424s] INFO:colcon.colcon_core.shell:Creating environment hook '/home/nick/panda_dof_ws/src/install/panda_4dof_moveit_config/share/panda_4dof_moveit_config/hook/cmake_prefix_path.ps1'
[1.424s] INFO:colcon.colcon_core.shell:Creating environment descriptor '/home/nick/panda_dof_ws/src/install/panda_4dof_moveit_config/share/panda_4dof_moveit_config/hook/cmake_prefix_path.dsv'
[1.424s] INFO:colcon.colcon_core.shell:Creating environment hook '/home/nick/panda_dof_ws/src/install/panda_4dof_moveit_config/share/panda_4dof_moveit_config/hook/cmake_prefix_path.sh'
[1.425s] Level 1:colcon.colcon_core.environment:checking '/home/nick/panda_dof_ws/src/install/panda_4dof_moveit_config/bin'
[1.425s] Level 1:colcon.colcon_core.environment:checking '/home/nick/panda_dof_ws/src/install/panda_4dof_moveit_config/lib/pkgconfig/panda_4dof_moveit_config.pc'
[1.425s] Level 1:colcon.colcon_core.environment:checking '/home/nick/panda_dof_ws/src/install/panda_4dof_moveit_config/lib/python3.10/site-packages'
[1.425s] Level 1:colcon.colcon_core.environment:checking '/home/nick/panda_dof_ws/src/install/panda_4dof_moveit_config/bin'
[1.425s] INFO:colcon.colcon_core.shell:Creating package script '/home/nick/panda_dof_ws/src/install/panda_4dof_moveit_config/share/panda_4dof_moveit_config/package.ps1'
[1.425s] INFO:colcon.colcon_core.shell:Creating package descriptor '/home/nick/panda_dof_ws/src/install/panda_4dof_moveit_config/share/panda_4dof_moveit_config/package.dsv'
[1.426s] INFO:colcon.colcon_core.shell:Creating package script '/home/nick/panda_dof_ws/src/install/panda_4dof_moveit_config/share/panda_4dof_moveit_config/package.sh'
[1.426s] INFO:colcon.colcon_core.shell:Creating package script '/home/nick/panda_dof_ws/src/install/panda_4dof_moveit_config/share/panda_4dof_moveit_config/package.bash'
[1.426s] INFO:colcon.colcon_core.shell:Creating package script '/home/nick/panda_dof_ws/src/install/panda_4dof_moveit_config/share/panda_4dof_moveit_config/package.zsh'
[1.426s] Level 1:colcon.colcon_core.environment:create_file_with_runtime_dependencies(/home/nick/panda_dof_ws/src/install/panda_4dof_moveit_config/share/colcon-core/packages/panda_4dof_moveit_config)
[1.427s] Level 1:colcon.colcon_core.environment:create_environment_scripts_only(panda_4dof_moveit_config)
[1.427s] Level 1:colcon.colcon_core.environment:checking '/home/nick/panda_dof_ws/src/install/panda_4dof_moveit_config' for CMake module files
[1.427s] Level 1:colcon.colcon_core.environment:checking '/home/nick/panda_dof_ws/src/install/panda_4dof_moveit_config' for CMake config files
[1.427s] Level 1:colcon.colcon_core.shell:create_environment_hook('panda_4dof_moveit_config', 'cmake_prefix_path')
[1.427s] INFO:colcon.colcon_core.shell:Creating environment hook '/home/nick/panda_dof_ws/src/install/panda_4dof_moveit_config/share/panda_4dof_moveit_config/hook/cmake_prefix_path.ps1'
[1.428s] INFO:colcon.colcon_core.shell:Creating environment descriptor '/home/nick/panda_dof_ws/src/install/panda_4dof_moveit_config/share/panda_4dof_moveit_config/hook/cmake_prefix_path.dsv'
[1.428s] INFO:colcon.colcon_core.shell:Creating environment hook '/home/nick/panda_dof_ws/src/install/panda_4dof_moveit_config/share/panda_4dof_moveit_config/hook/cmake_prefix_path.sh'
[1.428s] Level 1:colcon.colcon_core.environment:checking '/home/nick/panda_dof_ws/src/install/panda_4dof_moveit_config/bin'
[1.428s] Level 1:colcon.colcon_core.environment:checking '/home/nick/panda_dof_ws/src/install/panda_4dof_moveit_config/lib/pkgconfig/panda_4dof_moveit_config.pc'
[1.428s] Level 1:colcon.colcon_core.environment:checking '/home/nick/panda_dof_ws/src/install/panda_4dof_moveit_config/lib/python3.10/site-packages'
[1.428s] Level 1:colcon.colcon_core.environment:checking '/home/nick/panda_dof_ws/src/install/panda_4dof_moveit_config/bin'
[1.429s] INFO:colcon.colcon_core.shell:Creating package script '/home/nick/panda_dof_ws/src/install/panda_4dof_moveit_config/share/panda_4dof_moveit_config/package.ps1'
[1.429s] INFO:colcon.colcon_core.shell:Creating package descriptor '/home/nick/panda_dof_ws/src/install/panda_4dof_moveit_config/share/panda_4dof_moveit_config/package.dsv'
[1.429s] INFO:colcon.colcon_core.shell:Creating package script '/home/nick/panda_dof_ws/src/install/panda_4dof_moveit_config/share/panda_4dof_moveit_config/package.sh'
[1.429s] INFO:colcon.colcon_core.shell:Creating package script '/home/nick/panda_dof_ws/src/install/panda_4dof_moveit_config/share/panda_4dof_moveit_config/package.bash'
[1.430s] INFO:colcon.colcon_core.shell:Creating package script '/home/nick/panda_dof_ws/src/install/panda_4dof_moveit_config/share/panda_4dof_moveit_config/package.zsh'
[1.430s] Level 1:colcon.colcon_core.environment:create_file_with_runtime_dependencies(/home/nick/panda_dof_ws/src/install/panda_4dof_moveit_config/share/colcon-core/packages/panda_4dof_moveit_config)
[1.431s] Level 1:colcon.colcon_core.environment:create_environment_scripts_only(panda_0dof_moveit_config)
[1.431s] Level 1:colcon.colcon_core.environment:checking '/home/nick/panda_dof_ws/src/install/panda_0dof_moveit_config' for CMake module files
[1.431s] DEBUG:colcon.colcon_core.event_handler.log_command:Invoked command in '/home/nick/panda_dof_ws/src/build/panda_0dof_moveit_config' returned '0': CMAKE_PREFIX_PATH=${CMAKE_PREFIX_PATH}:/home/nick/ws_moveit/install/moveit_configs_utils:/opt/ros/humble /usr/bin/cmake --install /home/nick/panda_dof_ws/src/build/panda_0dof_moveit_config
[1.432s] Level 1:colcon.colcon_core.environment:checking '/home/nick/panda_dof_ws/src/install/panda_0dof_moveit_config' for CMake config files
[1.432s] Level 1:colcon.colcon_core.shell:create_environment_hook('panda_0dof_moveit_config', 'cmake_prefix_path')
[1.432s] INFO:colcon.colcon_core.shell:Creating environment hook '/home/nick/panda_dof_ws/src/install/panda_0dof_moveit_config/share/panda_0dof_moveit_config/hook/cmake_prefix_path.ps1'
[1.433s] INFO:colcon.colcon_core.shell:Creating environment descriptor '/home/nick/panda_dof_ws/src/install/panda_0dof_moveit_config/share/panda_0dof_moveit_config/hook/cmake_prefix_path.dsv'
[1.433s] INFO:colcon.colcon_core.shell:Creating environment hook '/home/nick/panda_dof_ws/src/install/panda_0dof_moveit_config/share/panda_0dof_moveit_config/hook/cmake_prefix_path.sh'
[1.434s] Level 1:colcon.colcon_core.environment:checking '/home/nick/panda_dof_ws/src/install/panda_0dof_moveit_config/bin'
[1.434s] Level 1:colcon.colcon_core.environment:checking '/home/nick/panda_dof_ws/src/install/panda_0dof_moveit_config/lib/pkgconfig/panda_0dof_moveit_config.pc'
[1.434s] Level 1:colcon.colcon_core.environment:checking '/home/nick/panda_dof_ws/src/install/panda_0dof_moveit_config/lib/python3.10/site-packages'
[1.435s] Level 1:colcon.colcon_core.environment:checking '/home/nick/panda_dof_ws/src/install/panda_0dof_moveit_config/bin'
[1.435s] INFO:colcon.colcon_core.shell:Creating package script '/home/nick/panda_dof_ws/src/install/panda_0dof_moveit_config/share/panda_0dof_moveit_config/package.ps1'
[1.436s] INFO:colcon.colcon_core.shell:Creating package descriptor '/home/nick/panda_dof_ws/src/install/panda_0dof_moveit_config/share/panda_0dof_moveit_config/package.dsv'
[1.436s] INFO:colcon.colcon_core.shell:Creating package script '/home/nick/panda_dof_ws/src/install/panda_0dof_moveit_config/share/panda_0dof_moveit_config/package.sh'
[1.437s] INFO:colcon.colcon_core.shell:Creating package script '/home/nick/panda_dof_ws/src/install/panda_0dof_moveit_config/share/panda_0dof_moveit_config/package.bash'
[1.437s] INFO:colcon.colcon_core.shell:Creating package script '/home/nick/panda_dof_ws/src/install/panda_0dof_moveit_config/share/panda_0dof_moveit_config/package.zsh'
[1.437s] Level 1:colcon.colcon_core.environment:create_file_with_runtime_dependencies(/home/nick/panda_dof_ws/src/install/panda_0dof_moveit_config/share/colcon-core/packages/panda_0dof_moveit_config)
[1.438s] Level 1:colcon.colcon_core.environment:create_environment_scripts_only(panda_0dof_moveit_config)
[1.438s] Level 1:colcon.colcon_core.environment:checking '/home/nick/panda_dof_ws/src/install/panda_0dof_moveit_config' for CMake module files
[1.439s] Level 1:colcon.colcon_core.environment:checking '/home/nick/panda_dof_ws/src/install/panda_0dof_moveit_config' for CMake config files
[1.439s] Level 1:colcon.colcon_core.shell:create_environment_hook('panda_0dof_moveit_config', 'cmake_prefix_path')
[1.440s] INFO:colcon.colcon_core.shell:Creating environment hook '/home/nick/panda_dof_ws/src/install/panda_0dof_moveit_config/share/panda_0dof_moveit_config/hook/cmake_prefix_path.ps1'
[1.440s] INFO:colcon.colcon_core.shell:Creating environment descriptor '/home/nick/panda_dof_ws/src/install/panda_0dof_moveit_config/share/panda_0dof_moveit_config/hook/cmake_prefix_path.dsv'
[1.440s] INFO:colcon.colcon_core.shell:Creating environment hook '/home/nick/panda_dof_ws/src/install/panda_0dof_moveit_config/share/panda_0dof_moveit_config/hook/cmake_prefix_path.sh'
[1.441s] Level 1:colcon.colcon_core.environment:checking '/home/nick/panda_dof_ws/src/install/panda_0dof_moveit_config/bin'
[1.441s] Level 1:colcon.colcon_core.environment:checking '/home/nick/panda_dof_ws/src/install/panda_0dof_moveit_config/lib/pkgconfig/panda_0dof_moveit_config.pc'
[1.441s] Level 1:colcon.colcon_core.environment:checking '/home/nick/panda_dof_ws/src/install/panda_0dof_moveit_config/lib/python3.10/site-packages'
[1.441s] Level 1:colcon.colcon_core.environment:checking '/home/nick/panda_dof_ws/src/install/panda_0dof_moveit_config/bin'
[1.442s] INFO:colcon.colcon_core.shell:Creating package script '/home/nick/panda_dof_ws/src/install/panda_0dof_moveit_config/share/panda_0dof_moveit_config/package.ps1'
[1.442s] INFO:colcon.colcon_core.shell:Creating package descriptor '/home/nick/panda_dof_ws/src/install/panda_0dof_moveit_config/share/panda_0dof_moveit_config/package.dsv'
[1.442s] INFO:colcon.colcon_core.shell:Creating package script '/home/nick/panda_dof_ws/src/install/panda_0dof_moveit_config/share/panda_0dof_moveit_config/package.sh'
[1.442s] INFO:colcon.colcon_core.shell:Creating package script '/home/nick/panda_dof_ws/src/install/panda_0dof_moveit_config/share/panda_0dof_moveit_config/package.bash'
[1.443s] INFO:colcon.colcon_core.shell:Creating package script '/home/nick/panda_dof_ws/src/install/panda_0dof_moveit_config/share/panda_0dof_moveit_config/package.zsh'
[1.443s] Level 1:colcon.colcon_core.environment:create_file_with_runtime_dependencies(/home/nick/panda_dof_ws/src/install/panda_0dof_moveit_config/share/colcon-core/packages/panda_0dof_moveit_config)
[1.445s] DEBUG:colcon.colcon_core.event_handler.log_command:Invoked command in '/home/nick/panda_dof_ws/src/build/panda_urdf_modifications' returned '0': CMAKE_PREFIX_PATH=${CMAKE_PREFIX_PATH}:/home/nick/ws_moveit/install/moveit_configs_utils:/opt/ros/humble /usr/bin/cmake --build /home/nick/panda_dof_ws/src/build/panda_urdf_modifications -- -j12 -l12
[1.445s] DEBUG:colcon.colcon_core.event_handler.log_command:Invoking command in '/home/nick/panda_dof_ws/src/build/panda_urdf_modifications': CMAKE_PREFIX_PATH=${CMAKE_PREFIX_PATH}:/home/nick/ws_moveit/install/moveit_configs_utils:/opt/ros/humble /usr/bin/cmake --install /home/nick/panda_dof_ws/src/build/panda_urdf_modifications
[1.446s] INFO:colcon.colcon_ros.task.ament_cmake.build:Building ROS package in '/home/nick/panda_dof_ws/src/five_dof_config' with build type 'ament_cmake'
[1.446s] INFO:colcon.colcon_cmake.task.cmake.build:Building CMake package in '/home/nick/panda_dof_ws/src/five_dof_config'
[1.446s] INFO:colcon.colcon_core.shell:Skip shell extension 'powershell' for command environment: Not usable outside of PowerShell
[1.446s] DEBUG:colcon.colcon_core.shell:Skip shell extension 'dsv' for command environment
[1.455s] INFO:colcon.colcon_ros.task.ament_cmake.build:Building ROS package in '/home/nick/panda_dof_ws/src/four_dof_config' with build type 'ament_cmake'
[1.455s] INFO:colcon.colcon_cmake.task.cmake.build:Building CMake package in '/home/nick/panda_dof_ws/src/four_dof_config'
[1.456s] INFO:colcon.colcon_core.shell:Skip shell extension 'powershell' for command environment: Not usable outside of PowerShell
[1.456s] DEBUG:colcon.colcon_core.shell:Skip shell extension 'dsv' for command environment
[1.465s] Level 1:colcon.colcon_core.environment:create_environment_scripts_only(panda_2dof_moveit_config)
[1.465s] Level 1:colcon.colcon_core.environment:checking '/home/nick/panda_dof_ws/src/install/panda_2dof_moveit_config' for CMake module files
[1.467s] DEBUG:colcon.colcon_core.event_handler.log_command:Invoked command in '/home/nick/panda_dof_ws/src/build/panda_2dof_moveit_config' returned '0': CMAKE_PREFIX_PATH=${CMAKE_PREFIX_PATH}:/home/nick/ws_moveit/install/moveit_configs_utils:/opt/ros/humble /usr/bin/cmake --install /home/nick/panda_dof_ws/src/build/panda_2dof_moveit_config
[1.468s] Level 1:colcon.colcon_core.environment:checking '/home/nick/panda_dof_ws/src/install/panda_2dof_moveit_config' for CMake config files
[1.468s] Level 1:colcon.colcon_core.shell:create_environment_hook('panda_2dof_moveit_config', 'cmake_prefix_path')
[1.468s] INFO:colcon.colcon_core.shell:Creating environment hook '/home/nick/panda_dof_ws/src/install/panda_2dof_moveit_config/share/panda_2dof_moveit_config/hook/cmake_prefix_path.ps1'
[1.469s] INFO:colcon.colcon_core.shell:Creating environment descriptor '/home/nick/panda_dof_ws/src/install/panda_2dof_moveit_config/share/panda_2dof_moveit_config/hook/cmake_prefix_path.dsv'
[1.469s] INFO:colcon.colcon_core.shell:Creating environment hook '/home/nick/panda_dof_ws/src/install/panda_2dof_moveit_config/share/panda_2dof_moveit_config/hook/cmake_prefix_path.sh'
[1.469s] Level 1:colcon.colcon_core.environment:checking '/home/nick/panda_dof_ws/src/install/panda_2dof_moveit_config/bin'
[1.469s] Level 1:colcon.colcon_core.environment:checking '/home/nick/panda_dof_ws/src/install/panda_2dof_moveit_config/lib/pkgconfig/panda_2dof_moveit_config.pc'
[1.469s] Level 1:colcon.colcon_core.environment:checking '/home/nick/panda_dof_ws/src/install/panda_2dof_moveit_config/lib/python3.10/site-packages'
[1.469s] Level 1:colcon.colcon_core.environment:checking '/home/nick/panda_dof_ws/src/install/panda_2dof_moveit_config/bin'
[1.470s] INFO:colcon.colcon_core.shell:Creating package script '/home/nick/panda_dof_ws/src/install/panda_2dof_moveit_config/share/panda_2dof_moveit_config/package.ps1'
[1.470s] INFO:colcon.colcon_core.shell:Creating package descriptor '/home/nick/panda_dof_ws/src/install/panda_2dof_moveit_config/share/panda_2dof_moveit_config/package.dsv'
[1.470s] INFO:colcon.colcon_core.shell:Creating package script '/home/nick/panda_dof_ws/src/install/panda_2dof_moveit_config/share/panda_2dof_moveit_config/package.sh'
[1.470s] INFO:colcon.colcon_core.shell:Creating package script '/home/nick/panda_dof_ws/src/install/panda_2dof_moveit_config/share/panda_2dof_moveit_config/package.bash'
[1.470s] INFO:colcon.colcon_core.shell:Creating package script '/home/nick/panda_dof_ws/src/install/panda_2dof_moveit_config/share/panda_2dof_moveit_config/package.zsh'
[1.471s] Level 1:colcon.colcon_core.environment:create_file_with_runtime_dependencies(/home/nick/panda_dof_ws/src/install/panda_2dof_moveit_config/share/colcon-core/packages/panda_2dof_moveit_config)
[1.471s] Level 1:colcon.colcon_core.environment:create_environment_scripts_only(panda_2dof_moveit_config)
[1.471s] Level 1:colcon.colcon_core.environment:checking '/home/nick/panda_dof_ws/src/install/panda_2dof_moveit_config' for CMake module files
[1.471s] Level 1:colcon.colcon_core.environment:checking '/home/nick/panda_dof_ws/src/install/panda_2dof_moveit_config' for CMake config files
[1.471s] Level 1:colcon.colcon_core.shell:create_environment_hook('panda_2dof_moveit_config', 'cmake_prefix_path')
[1.472s] INFO:colcon.colcon_core.shell:Creating environment hook '/home/nick/panda_dof_ws/src/install/panda_2dof_moveit_config/share/panda_2dof_moveit_config/hook/cmake_prefix_path.ps1'
[1.472s] INFO:colcon.colcon_core.shell:Creating environment descriptor '/home/nick/panda_dof_ws/src/install/panda_2dof_moveit_config/share/panda_2dof_moveit_config/hook/cmake_prefix_path.dsv'
[1.472s] INFO:colcon.colcon_core.shell:Creating environment hook '/home/nick/panda_dof_ws/src/install/panda_2dof_moveit_config/share/panda_2dof_moveit_config/hook/cmake_prefix_path.sh'
[1.472s] Level 1:colcon.colcon_core.environment:checking '/home/nick/panda_dof_ws/src/install/panda_2dof_moveit_config/bin'
[1.472s] Level 1:colcon.colcon_core.environment:checking '/home/nick/panda_dof_ws/src/install/panda_2dof_moveit_config/lib/pkgconfig/panda_2dof_moveit_config.pc'
[1.472s] Level 1:colcon.colcon_core.environment:checking '/home/nick/panda_dof_ws/src/install/panda_2dof_moveit_config/lib/python3.10/site-packages'
[1.472s] Level 1:colcon.colcon_core.environment:checking '/home/nick/panda_dof_ws/src/install/panda_2dof_moveit_config/bin'
[1.473s] INFO:colcon.colcon_core.shell:Creating package script '/home/nick/panda_dof_ws/src/install/panda_2dof_moveit_config/share/panda_2dof_moveit_config/package.ps1'
[1.473s] INFO:colcon.colcon_core.shell:Creating package descriptor '/home/nick/panda_dof_ws/src/install/panda_2dof_moveit_config/share/panda_2dof_moveit_config/package.dsv'
[1.473s] INFO:colcon.colcon_core.shell:Creating package script '/home/nick/panda_dof_ws/src/install/panda_2dof_moveit_config/share/panda_2dof_moveit_config/package.sh'
[1.473s] INFO:colcon.colcon_core.shell:Creating package script '/home/nick/panda_dof_ws/src/install/panda_2dof_moveit_config/share/panda_2dof_moveit_config/package.bash'
[1.474s] INFO:colcon.colcon_core.shell:Creating package script '/home/nick/panda_dof_ws/src/install/panda_2dof_moveit_config/share/panda_2dof_moveit_config/package.zsh'
[1.474s] Level 1:colcon.colcon_core.environment:create_file_with_runtime_dependencies(/home/nick/panda_dof_ws/src/install/panda_2dof_moveit_config/share/colcon-core/packages/panda_2dof_moveit_config)
[1.476s] INFO:colcon.colcon_ros.task.ament_cmake.build:Building ROS package in '/home/nick/panda_dof_ws/src/two_dof_config' with build type 'ament_cmake'
[1.476s] INFO:colcon.colcon_cmake.task.cmake.build:Building CMake package in '/home/nick/panda_dof_ws/src/two_dof_config'
[1.476s] INFO:colcon.colcon_core.shell:Skip shell extension 'powershell' for command environment: Not usable outside of PowerShell
[1.476s] DEBUG:colcon.colcon_core.shell:Skip shell extension 'dsv' for command environment
[1.477s] DEBUG:colcon.colcon_core.event_handler.log_command:Invoking command in '/home/nick/panda_dof_ws/src/build/three_dof_config': AMENT_PREFIX_PATH=/home/nick/panda_dof_ws/src/install/panda_3dof_moveit_config:${AMENT_PREFIX_PATH} CMAKE_PREFIX_PATH=/home/nick/panda_dof_ws/src/install/panda_3dof_moveit_config:/home/nick/ws_moveit/install/robotiq_hardware_tests:/home/nick/ws_moveit/install/robotiq_driver:/home/nick/ws_moveit/install/serial:/home/nick/ws_moveit/install/moveit2_tutorials:/home/nick/ws_moveit/install/hello_moveit:/home/nick/ws_moveit/install/moveit_visual_tools:/home/nick/ws_moveit/install/rviz_visual_tools:/home/nick/ws_moveit/install/moveit_task_constructor_visualization:/home/nick/ws_moveit/install/moveit_task_constructor_demo:/home/nick/ws_moveit/install/moveit_task_constructor_capabilities:/home/nick/ws_moveit/install/moveit_task_constructor_core:/home/nick/ws_moveit/install/rviz_marker_tools:/home/nick/ws_moveit/install/kortex_bringup:/home/nick/ws_moveit/install/kinova_gen3_lite_moveit_config:/home/nick/ws_moveit/install/kinova_gen3_7dof_robotiq_2f_85_moveit_config:/home/nick/ws_moveit/install/kinova_gen3_6dof_robotiq_2f_85_moveit_config:/home/nick/ws_moveit/install/kortex_description:/home/nick/ws_moveit/install/robotiq_description:/home/nick/ws_moveit/install/robotiq_controllers:/home/nick/ws_moveit/install/pilz_industrial_motion_planner_testutils:/home/nick/ws_moveit/install/moveit_runtime:/home/nick/ws_moveit/install/moveit:/home/nick/ws_moveit/install/moveit_planners:/home/nick/ws_moveit/install/pilz_industrial_motion_planner:/home/nick/ws_moveit/install/moveit_task_constructor_msgs:/home/nick/ws_moveit/install/moveit_ros_control_interface:/home/nick/ws_moveit/install/moveit_plugins:/home/nick/ws_moveit/install/moveit_simple_controller_manager:/home/nick/ws_moveit/install/moveit_setup_assistant:/home/nick/ws_moveit/install/moveit_setup_srdf_plugins:/home/nick/ws_moveit/install/moveit_setup_core_plugins:/home/nick/ws_moveit/install/moveit_setup_controllers:/home/nick/ws_moveit/install/moveit_setup_app_plugins:/home/nick/ws_moveit/install/moveit_setup_framework:/home/nick/ws_moveit/install/moveit_servo:/home/nick/ws_moveit/install/moveit_ros_trajectory_cache:/home/nick/ws_moveit/install/moveit_ros:/home/nick/ws_moveit/install/moveit_ros_visualization:/home/nick/ws_moveit/install/moveit_py:/home/nick/ws_moveit/install/moveit_hybrid_planning:/home/nick/ws_moveit/install/moveit_ros_planning_interface:/home/nick/ws_moveit/install/moveit_ros_benchmarks:/home/nick/ws_moveit/install/moveit_ros_warehouse:/home/nick/ws_moveit/install/moveit_ros_robot_interaction:/home/nick/ws_moveit/install/moveit_ros_perception:/home/nick/ws_moveit/install/moveit_resources_prbt_pg70_support:/home/nick/ws_moveit/install/moveit_resources_prbt_moveit_config:/home/nick/ws_moveit/install/moveit_ros_move_group:/home/nick/ws_moveit/install/moveit_planners_ompl:/home/nick/ws_moveit/install/moveit_kinematics:/home/nick/ws_moveit/install/moveit_ros_planning:/home/nick/ws_moveit/install/moveit_ros_occupancy_map_monitor:/home/nick/ws_moveit/install/moveit_resources_prbt_support:/home/nick/ws_moveit/install/moveit_resources_prbt_ikfast_manipulator_plugin:/home/nick/ws_moveit/install/moveit_resources:/home/nick/ws_moveit/install/moveit_resources_pr2_description:/home/nick/ws_moveit/install/moveit_resources_panda_moveit_config:/home/nick/ws_moveit/install/dual_arm_panda_moveit_config:/home/nick/ws_moveit/install/moveit_resources_panda_description:/home/nick/ws_moveit/install/moveit_resources_fanuc_moveit_config:/home/nick/ws_moveit/install/moveit_resources_fanuc_description:/home/nick/ws_moveit/install/moveit_planners_stomp:/home/nick/ws_moveit/install/moveit_planners_chomp:/home/nick/ws_moveit/install/chomp_motion_planner:/home/nick/ws_moveit/install/moveit_core:/home/nick/ws_moveit/install/moveit_msgs:/home/nick/ws_moveit/install/moveit_common:/home/nick/ws_moveit/install/kortex_driver:/home/nick/ws_moveit/install/kortex_api:/home/nick/ws_moveit/install/moveit_configs_utils:/opt/ros/humble /usr/bin/cmake /home/nick/panda_dof_ws/src/three_dof_config -DCMAKE_INSTALL_PREFIX=/home/nick/panda_dof_ws/src/install/three_dof_config
[1.481s] Level 1:colcon.colcon_core.environment:checking '/home/nick/panda_dof_ws/src/install/zero_dof_config' for CMake module files
[1.482s] DEBUG:colcon.colcon_core.event_handler.log_command:Invoked command in '/home/nick/panda_dof_ws/src/zero_dof_config' returned '0': PYTHONPATH=/home/nick/panda_dof_ws/src/build/zero_dof_config/prefix_override:/usr/lib/python3/dist-packages/colcon_core/task/python/colcon_distutils_commands:/home/nick/panda_dof_ws/src/install/zero_dof_config/lib/python3.10/site-packages:${PYTHONPATH} /usr/bin/python3 -W ignore:setup.py install is deprecated -W ignore:easy_install command is deprecated setup.py egg_info --egg-base ../build/zero_dof_config build --build-base /home/nick/panda_dof_ws/src/build/zero_dof_config/build install --record /home/nick/panda_dof_ws/src/build/zero_dof_config/install.log --single-version-externally-managed install_data
[1.482s] Level 1:colcon.colcon_core.environment:checking '/home/nick/panda_dof_ws/src/install/zero_dof_config' for CMake config files
[1.482s] Level 1:colcon.colcon_core.environment:checking '/home/nick/panda_dof_ws/src/install/zero_dof_config/lib'
[1.482s] Level 1:colcon.colcon_core.environment:checking '/home/nick/panda_dof_ws/src/install/zero_dof_config/bin'
[1.483s] Level 1:colcon.colcon_core.environment:checking '/home/nick/panda_dof_ws/src/install/zero_dof_config/lib/pkgconfig/zero_dof_config.pc'
[1.483s] Level 1:colcon.colcon_core.environment:checking '/home/nick/panda_dof_ws/src/install/zero_dof_config/lib/python3.10/site-packages'
[1.483s] Level 1:colcon.colcon_core.shell:create_environment_hook('zero_dof_config', 'pythonpath')
[1.483s] INFO:colcon.colcon_core.shell:Creating environment hook '/home/nick/panda_dof_ws/src/install/zero_dof_config/share/zero_dof_config/hook/pythonpath.ps1'
[1.483s] INFO:colcon.colcon_core.shell:Creating environment descriptor '/home/nick/panda_dof_ws/src/install/zero_dof_config/share/zero_dof_config/hook/pythonpath.dsv'
[1.483s] INFO:colcon.colcon_core.shell:Creating environment hook '/home/nick/panda_dof_ws/src/install/zero_dof_config/share/zero_dof_config/hook/pythonpath.sh'
[1.484s] Level 1:colcon.colcon_core.environment:checking '/home/nick/panda_dof_ws/src/install/zero_dof_config/bin'
[1.484s] Level 1:colcon.colcon_core.environment:create_environment_scripts_only(zero_dof_config)
[1.484s] INFO:colcon.colcon_core.shell:Creating package script '/home/nick/panda_dof_ws/src/install/zero_dof_config/share/zero_dof_config/package.ps1'
[1.484s] INFO:colcon.colcon_core.shell:Creating package descriptor '/home/nick/panda_dof_ws/src/install/zero_dof_config/share/zero_dof_config/package.dsv'
[1.484s] INFO:colcon.colcon_core.shell:Creating package script '/home/nick/panda_dof_ws/src/install/zero_dof_config/share/zero_dof_config/package.sh'
[1.485s] INFO:colcon.colcon_core.shell:Creating package script '/home/nick/panda_dof_ws/src/install/zero_dof_config/share/zero_dof_config/package.bash'
[1.485s] INFO:colcon.colcon_core.shell:Creating package script '/home/nick/panda_dof_ws/src/install/zero_dof_config/share/zero_dof_config/package.zsh'
[1.485s] Level 1:colcon.colcon_core.environment:create_file_with_runtime_dependencies(/home/nick/panda_dof_ws/src/install/zero_dof_config/share/colcon-core/packages/zero_dof_config)
[1.485s] Level 1:colcon.colcon_core.environment:create_environment_scripts_only(panda_1dof_moveit_config)
[1.485s] Level 1:colcon.colcon_core.environment:checking '/home/nick/panda_dof_ws/src/install/panda_1dof_moveit_config' for CMake module files
[1.486s] DEBUG:colcon.colcon_core.event_handler.log_command:Invoked command in '/home/nick/panda_dof_ws/src/build/panda_1dof_moveit_config' returned '0': CMAKE_PREFIX_PATH=${CMAKE_PREFIX_PATH}:/home/nick/ws_moveit/install/moveit_configs_utils:/opt/ros/humble /usr/bin/cmake --install /home/nick/panda_dof_ws/src/build/panda_1dof_moveit_config
[1.486s] Level 1:colcon.colcon_core.environment:checking '/home/nick/panda_dof_ws/src/install/panda_1dof_moveit_config' for CMake config files
[1.486s] Level 1:colcon.colcon_core.shell:create_environment_hook('panda_1dof_moveit_config', 'cmake_prefix_path')
[1.486s] INFO:colcon.colcon_core.shell:Creating environment hook '/home/nick/panda_dof_ws/src/install/panda_1dof_moveit_config/share/panda_1dof_moveit_config/hook/cmake_prefix_path.ps1'
[1.487s] INFO:colcon.colcon_core.shell:Creating environment descriptor '/home/nick/panda_dof_ws/src/install/panda_1dof_moveit_config/share/panda_1dof_moveit_config/hook/cmake_prefix_path.dsv'
[1.487s] INFO:colcon.colcon_core.shell:Creating environment hook '/home/nick/panda_dof_ws/src/install/panda_1dof_moveit_config/share/panda_1dof_moveit_config/hook/cmake_prefix_path.sh'
[1.487s] Level 1:colcon.colcon_core.environment:checking '/home/nick/panda_dof_ws/src/install/panda_1dof_moveit_config/bin'
[1.487s] Level 1:colcon.colcon_core.environment:checking '/home/nick/panda_dof_ws/src/install/panda_1dof_moveit_config/lib/pkgconfig/panda_1dof_moveit_config.pc'
[1.487s] Level 1:colcon.colcon_core.environment:checking '/home/nick/panda_dof_ws/src/install/panda_1dof_moveit_config/lib/python3.10/site-packages'
[1.487s] Level 1:colcon.colcon_core.environment:checking '/home/nick/panda_dof_ws/src/install/panda_1dof_moveit_config/bin'
[1.488s] INFO:colcon.colcon_core.shell:Creating package script '/home/nick/panda_dof_ws/src/install/panda_1dof_moveit_config/share/panda_1dof_moveit_config/package.ps1'
[1.488s] INFO:colcon.colcon_core.shell:Creating package descriptor '/home/nick/panda_dof_ws/src/install/panda_1dof_moveit_config/share/panda_1dof_moveit_config/package.dsv'
[1.488s] INFO:colcon.colcon_core.shell:Creating package script '/home/nick/panda_dof_ws/src/install/panda_1dof_moveit_config/share/panda_1dof_moveit_config/package.sh'
[1.488s] INFO:colcon.colcon_core.shell:Creating package script '/home/nick/panda_dof_ws/src/install/panda_1dof_moveit_config/share/panda_1dof_moveit_config/package.bash'
[1.489s] INFO:colcon.colcon_core.shell:Creating package script '/home/nick/panda_dof_ws/src/install/panda_1dof_moveit_config/share/panda_1dof_moveit_config/package.zsh'
[1.489s] Level 1:colcon.colcon_core.environment:create_file_with_runtime_dependencies(/home/nick/panda_dof_ws/src/install/panda_1dof_moveit_config/share/colcon-core/packages/panda_1dof_moveit_config)
[1.489s] Level 1:colcon.colcon_core.environment:create_environment_scripts_only(panda_1dof_moveit_config)
[1.489s] Level 1:colcon.colcon_core.environment:checking '/home/nick/panda_dof_ws/src/install/panda_1dof_moveit_config' for CMake module files
[1.490s] Level 1:colcon.colcon_core.environment:checking '/home/nick/panda_dof_ws/src/install/panda_1dof_moveit_config' for CMake config files
[1.490s] Level 1:colcon.colcon_core.shell:create_environment_hook('panda_1dof_moveit_config', 'cmake_prefix_path')
[1.490s] INFO:colcon.colcon_core.shell:Creating environment hook '/home/nick/panda_dof_ws/src/install/panda_1dof_moveit_config/share/panda_1dof_moveit_config/hook/cmake_prefix_path.ps1'
[1.490s] INFO:colcon.colcon_core.shell:Creating environment descriptor '/home/nick/panda_dof_ws/src/install/panda_1dof_moveit_config/share/panda_1dof_moveit_config/hook/cmake_prefix_path.dsv'
[1.490s] INFO:colcon.colcon_core.shell:Creating environment hook '/home/nick/panda_dof_ws/src/install/panda_1dof_moveit_config/share/panda_1dof_moveit_config/hook/cmake_prefix_path.sh'
[1.491s] Level 1:colcon.colcon_core.environment:checking '/home/nick/panda_dof_ws/src/install/panda_1dof_moveit_config/bin'
[1.491s] Level 1:colcon.colcon_core.environment:checking '/home/nick/panda_dof_ws/src/install/panda_1dof_moveit_config/lib/pkgconfig/panda_1dof_moveit_config.pc'
[1.491s] Level 1:colcon.colcon_core.environment:checking '/home/nick/panda_dof_ws/src/install/panda_1dof_moveit_config/lib/python3.10/site-packages'
[1.491s] Level 1:colcon.colcon_core.environment:checking '/home/nick/panda_dof_ws/src/install/panda_1dof_moveit_config/bin'
[1.491s] INFO:colcon.colcon_core.shell:Creating package script '/home/nick/panda_dof_ws/src/install/panda_1dof_moveit_config/share/panda_1dof_moveit_config/package.ps1'
[1.492s] INFO:colcon.colcon_core.shell:Creating package descriptor '/home/nick/panda_dof_ws/src/install/panda_1dof_moveit_config/share/panda_1dof_moveit_config/package.dsv'
[1.492s] INFO:colcon.colcon_core.shell:Creating package script '/home/nick/panda_dof_ws/src/install/panda_1dof_moveit_config/share/panda_1dof_moveit_config/package.sh'
[1.492s] INFO:colcon.colcon_core.shell:Creating package script '/home/nick/panda_dof_ws/src/install/panda_1dof_moveit_config/share/panda_1dof_moveit_config/package.bash'
[1.492s] INFO:colcon.colcon_core.shell:Creating package script '/home/nick/panda_dof_ws/src/install/panda_1dof_moveit_config/share/panda_1dof_moveit_config/package.zsh'
[1.492s] Level 1:colcon.colcon_core.environment:create_file_with_runtime_dependencies(/home/nick/panda_dof_ws/src/install/panda_1dof_moveit_config/share/colcon-core/packages/panda_1dof_moveit_config)
[1.493s] Level 1:colcon.colcon_core.environment:create_environment_scripts_only(panda_urdf_modifications)
[1.493s] Level 1:colcon.colcon_core.environment:checking '/home/nick/panda_dof_ws/src/install/panda_urdf_modifications' for CMake module files
[1.493s] DEBUG:colcon.colcon_core.event_handler.log_command:Invoked command in '/home/nick/panda_dof_ws/src/build/panda_urdf_modifications' returned '0': CMAKE_PREFIX_PATH=${CMAKE_PREFIX_PATH}:/home/nick/ws_moveit/install/moveit_configs_utils:/opt/ros/humble /usr/bin/cmake --install /home/nick/panda_dof_ws/src/build/panda_urdf_modifications
[1.494s] Level 1:colcon.colcon_core.environment:checking '/home/nick/panda_dof_ws/src/install/panda_urdf_modifications' for CMake config files
[1.494s] Level 1:colcon.colcon_core.shell:create_environment_hook('panda_urdf_modifications', 'cmake_prefix_path')
[1.494s] INFO:colcon.colcon_core.shell:Creating environment hook '/home/nick/panda_dof_ws/src/install/panda_urdf_modifications/share/panda_urdf_modifications/hook/cmake_prefix_path.ps1'
[1.494s] INFO:colcon.colcon_core.shell:Creating environment descriptor '/home/nick/panda_dof_ws/src/install/panda_urdf_modifications/share/panda_urdf_modifications/hook/cmake_prefix_path.dsv'
[1.494s] INFO:colcon.colcon_core.shell:Creating environment hook '/home/nick/panda_dof_ws/src/install/panda_urdf_modifications/share/panda_urdf_modifications/hook/cmake_prefix_path.sh'
[1.495s] Level 1:colcon.colcon_core.environment:checking '/home/nick/panda_dof_ws/src/install/panda_urdf_modifications/bin'
[1.495s] Level 1:colcon.colcon_core.environment:checking '/home/nick/panda_dof_ws/src/install/panda_urdf_modifications/lib/pkgconfig/panda_urdf_modifications.pc'
[1.495s] Level 1:colcon.colcon_core.environment:checking '/home/nick/panda_dof_ws/src/install/panda_urdf_modifications/lib/python3.10/site-packages'
[1.495s] Level 1:colcon.colcon_core.environment:checking '/home/nick/panda_dof_ws/src/install/panda_urdf_modifications/bin'
[1.495s] INFO:colcon.colcon_core.shell:Creating package script '/home/nick/panda_dof_ws/src/install/panda_urdf_modifications/share/panda_urdf_modifications/package.ps1'
[1.496s] INFO:colcon.colcon_core.shell:Creating package descriptor '/home/nick/panda_dof_ws/src/install/panda_urdf_modifications/share/panda_urdf_modifications/package.dsv'
[1.496s] INFO:colcon.colcon_core.shell:Creating package script '/home/nick/panda_dof_ws/src/install/panda_urdf_modifications/share/panda_urdf_modifications/package.sh'
[1.496s] INFO:colcon.colcon_core.shell:Creating package script '/home/nick/panda_dof_ws/src/install/panda_urdf_modifications/share/panda_urdf_modifications/package.bash'
[1.496s] INFO:colcon.colcon_core.shell:Creating package script '/home/nick/panda_dof_ws/src/install/panda_urdf_modifications/share/panda_urdf_modifications/package.zsh'
[1.496s] Level 1:colcon.colcon_core.environment:create_file_with_runtime_dependencies(/home/nick/panda_dof_ws/src/install/panda_urdf_modifications/share/colcon-core/packages/panda_urdf_modifications)
[1.497s] Level 1:colcon.colcon_core.environment:create_environment_scripts_only(panda_urdf_modifications)
[1.497s] Level 1:colcon.colcon_core.environment:checking '/home/nick/panda_dof_ws/src/install/panda_urdf_modifications' for CMake module files
[1.497s] Level 1:colcon.colcon_core.environment:checking '/home/nick/panda_dof_ws/src/install/panda_urdf_modifications' for CMake config files
[1.497s] Level 1:colcon.colcon_core.shell:create_environment_hook('panda_urdf_modifications', 'cmake_prefix_path')
[1.497s] INFO:colcon.colcon_core.shell:Creating environment hook '/home/nick/panda_dof_ws/src/install/panda_urdf_modifications/share/panda_urdf_modifications/hook/cmake_prefix_path.ps1'
[1.498s] INFO:colcon.colcon_core.shell:Creating environment descriptor '/home/nick/panda_dof_ws/src/install/panda_urdf_modifications/share/panda_urdf_modifications/hook/cmake_prefix_path.dsv'
[1.498s] INFO:colcon.colcon_core.shell:Creating environment hook '/home/nick/panda_dof_ws/src/install/panda_urdf_modifications/share/panda_urdf_modifications/hook/cmake_prefix_path.sh'
[1.498s] Level 1:colcon.colcon_core.environment:checking '/home/nick/panda_dof_ws/src/install/panda_urdf_modifications/bin'
[1.498s] Level 1:colcon.colcon_core.environment:checking '/home/nick/panda_dof_ws/src/install/panda_urdf_modifications/lib/pkgconfig/panda_urdf_modifications.pc'
[1.498s] Level 1:colcon.colcon_core.environment:checking '/home/nick/panda_dof_ws/src/install/panda_urdf_modifications/lib/python3.10/site-packages'
[1.498s] Level 1:colcon.colcon_core.environment:checking '/home/nick/panda_dof_ws/src/install/panda_urdf_modifications/bin'
[1.499s] INFO:colcon.colcon_core.shell:Creating package script '/home/nick/panda_dof_ws/src/install/panda_urdf_modifications/share/panda_urdf_modifications/package.ps1'
[1.499s] INFO:colcon.colcon_core.shell:Creating package descriptor '/home/nick/panda_dof_ws/src/install/panda_urdf_modifications/share/panda_urdf_modifications/package.dsv'
[1.499s] INFO:colcon.colcon_core.shell:Creating package script '/home/nick/panda_dof_ws/src/install/panda_urdf_modifications/share/panda_urdf_modifications/package.sh'
[1.499s] INFO:colcon.colcon_core.shell:Creating package script '/home/nick/panda_dof_ws/src/install/panda_urdf_modifications/share/panda_urdf_modifications/package.bash'
[1.499s] INFO:colcon.colcon_core.shell:Creating package script '/home/nick/panda_dof_ws/src/install/panda_urdf_modifications/share/panda_urdf_modifications/package.zsh'
[1.500s] Level 1:colcon.colcon_core.environment:create_file_with_runtime_dependencies(/home/nick/panda_dof_ws/src/install/panda_urdf_modifications/share/colcon-core/packages/panda_urdf_modifications)
[1.500s] INFO:colcon.colcon_ros.task.ament_cmake.build:Building ROS package in '/home/nick/panda_dof_ws/src/one_dof_config' with build type 'ament_cmake'
[1.500s] INFO:colcon.colcon_cmake.task.cmake.build:Building CMake package in '/home/nick/panda_dof_ws/src/one_dof_config'
[1.500s] INFO:colcon.colcon_core.shell:Skip shell extension 'powershell' for command environment: Not usable outside of PowerShell
[1.500s] DEBUG:colcon.colcon_core.shell:Skip shell extension 'dsv' for command environment
[1.505s] INFO:colcon.colcon_ros.task.ament_cmake.build:Building ROS package in '/home/nick/panda_dof_ws/src/panda_7dof_moveit_config' with build type 'ament_cmake'
[1.505s] INFO:colcon.colcon_cmake.task.cmake.build:Building CMake package in '/home/nick/panda_dof_ws/src/panda_7dof_moveit_config'
[1.505s] INFO:colcon.colcon_core.shell:Skip shell extension 'powershell' for command environment: Not usable outside of PowerShell
[1.505s] DEBUG:colcon.colcon_core.shell:Skip shell extension 'dsv' for command environment
[1.512s] DEBUG:colcon.colcon_core.event_handler.log_command:Invoking command in '/home/nick/panda_dof_ws/src/build/five_dof_config': AMENT_PREFIX_PATH=/home/nick/panda_dof_ws/src/install/panda_5dof_moveit_config:${AMENT_PREFIX_PATH} CMAKE_PREFIX_PATH=/home/nick/panda_dof_ws/src/install/panda_5dof_moveit_config:/home/nick/ws_moveit/install/robotiq_hardware_tests:/home/nick/ws_moveit/install/robotiq_driver:/home/nick/ws_moveit/install/serial:/home/nick/ws_moveit/install/moveit2_tutorials:/home/nick/ws_moveit/install/hello_moveit:/home/nick/ws_moveit/install/moveit_visual_tools:/home/nick/ws_moveit/install/rviz_visual_tools:/home/nick/ws_moveit/install/moveit_task_constructor_visualization:/home/nick/ws_moveit/install/moveit_task_constructor_demo:/home/nick/ws_moveit/install/moveit_task_constructor_capabilities:/home/nick/ws_moveit/install/moveit_task_constructor_core:/home/nick/ws_moveit/install/rviz_marker_tools:/home/nick/ws_moveit/install/kortex_bringup:/home/nick/ws_moveit/install/kinova_gen3_lite_moveit_config:/home/nick/ws_moveit/install/kinova_gen3_7dof_robotiq_2f_85_moveit_config:/home/nick/ws_moveit/install/kinova_gen3_6dof_robotiq_2f_85_moveit_config:/home/nick/ws_moveit/install/kortex_description:/home/nick/ws_moveit/install/robotiq_description:/home/nick/ws_moveit/install/robotiq_controllers:/home/nick/ws_moveit/install/pilz_industrial_motion_planner_testutils:/home/nick/ws_moveit/install/moveit_runtime:/home/nick/ws_moveit/install/moveit:/home/nick/ws_moveit/install/moveit_planners:/home/nick/ws_moveit/install/pilz_industrial_motion_planner:/home/nick/ws_moveit/install/moveit_task_constructor_msgs:/home/nick/ws_moveit/install/moveit_ros_control_interface:/home/nick/ws_moveit/install/moveit_plugins:/home/nick/ws_moveit/install/moveit_simple_controller_manager:/home/nick/ws_moveit/install/moveit_setup_assistant:/home/nick/ws_moveit/install/moveit_setup_srdf_plugins:/home/nick/ws_moveit/install/moveit_setup_core_plugins:/home/nick/ws_moveit/install/moveit_setup_controllers:/home/nick/ws_moveit/install/moveit_setup_app_plugins:/home/nick/ws_moveit/install/moveit_setup_framework:/home/nick/ws_moveit/install/moveit_servo:/home/nick/ws_moveit/install/moveit_ros_trajectory_cache:/home/nick/ws_moveit/install/moveit_ros:/home/nick/ws_moveit/install/moveit_ros_visualization:/home/nick/ws_moveit/install/moveit_py:/home/nick/ws_moveit/install/moveit_hybrid_planning:/home/nick/ws_moveit/install/moveit_ros_planning_interface:/home/nick/ws_moveit/install/moveit_ros_benchmarks:/home/nick/ws_moveit/install/moveit_ros_warehouse:/home/nick/ws_moveit/install/moveit_ros_robot_interaction:/home/nick/ws_moveit/install/moveit_ros_perception:/home/nick/ws_moveit/install/moveit_resources_prbt_pg70_support:/home/nick/ws_moveit/install/moveit_resources_prbt_moveit_config:/home/nick/ws_moveit/install/moveit_ros_move_group:/home/nick/ws_moveit/install/moveit_planners_ompl:/home/nick/ws_moveit/install/moveit_kinematics:/home/nick/ws_moveit/install/moveit_ros_planning:/home/nick/ws_moveit/install/moveit_ros_occupancy_map_monitor:/home/nick/ws_moveit/install/moveit_resources_prbt_support:/home/nick/ws_moveit/install/moveit_resources_prbt_ikfast_manipulator_plugin:/home/nick/ws_moveit/install/moveit_resources:/home/nick/ws_moveit/install/moveit_resources_pr2_description:/home/nick/ws_moveit/install/moveit_resources_panda_moveit_config:/home/nick/ws_moveit/install/dual_arm_panda_moveit_config:/home/nick/ws_moveit/install/moveit_resources_panda_description:/home/nick/ws_moveit/install/moveit_resources_fanuc_moveit_config:/home/nick/ws_moveit/install/moveit_resources_fanuc_description:/home/nick/ws_moveit/install/moveit_planners_stomp:/home/nick/ws_moveit/install/moveit_planners_chomp:/home/nick/ws_moveit/install/chomp_motion_planner:/home/nick/ws_moveit/install/moveit_core:/home/nick/ws_moveit/install/moveit_msgs:/home/nick/ws_moveit/install/moveit_common:/home/nick/ws_moveit/install/kortex_driver:/home/nick/ws_moveit/install/kortex_api:/home/nick/ws_moveit/install/moveit_configs_utils:/opt/ros/humble /usr/bin/cmake /home/nick/panda_dof_ws/src/five_dof_config -DCMAKE_INSTALL_PREFIX=/home/nick/panda_dof_ws/src/install/five_dof_config
[1.515s] DEBUG:colcon.colcon_core.event_handler.log_command:Invoking command in '/home/nick/panda_dof_ws/src/build/four_dof_config': AMENT_PREFIX_PATH=/home/nick/panda_dof_ws/src/install/panda_4dof_moveit_config:${AMENT_PREFIX_PATH} CMAKE_PREFIX_PATH=/home/nick/panda_dof_ws/src/install/panda_4dof_moveit_config:/home/nick/ws_moveit/install/robotiq_hardware_tests:/home/nick/ws_moveit/install/robotiq_driver:/home/nick/ws_moveit/install/serial:/home/nick/ws_moveit/install/moveit2_tutorials:/home/nick/ws_moveit/install/hello_moveit:/home/nick/ws_moveit/install/moveit_visual_tools:/home/nick/ws_moveit/install/rviz_visual_tools:/home/nick/ws_moveit/install/moveit_task_constructor_visualization:/home/nick/ws_moveit/install/moveit_task_constructor_demo:/home/nick/ws_moveit/install/moveit_task_constructor_capabilities:/home/nick/ws_moveit/install/moveit_task_constructor_core:/home/nick/ws_moveit/install/rviz_marker_tools:/home/nick/ws_moveit/install/kortex_bringup:/home/nick/ws_moveit/install/kinova_gen3_lite_moveit_config:/home/nick/ws_moveit/install/kinova_gen3_7dof_robotiq_2f_85_moveit_config:/home/nick/ws_moveit/install/kinova_gen3_6dof_robotiq_2f_85_moveit_config:/home/nick/ws_moveit/install/kortex_description:/home/nick/ws_moveit/install/robotiq_description:/home/nick/ws_moveit/install/robotiq_controllers:/home/nick/ws_moveit/install/pilz_industrial_motion_planner_testutils:/home/nick/ws_moveit/install/moveit_runtime:/home/nick/ws_moveit/install/moveit:/home/nick/ws_moveit/install/moveit_planners:/home/nick/ws_moveit/install/pilz_industrial_motion_planner:/home/nick/ws_moveit/install/moveit_task_constructor_msgs:/home/nick/ws_moveit/install/moveit_ros_control_interface:/home/nick/ws_moveit/install/moveit_plugins:/home/nick/ws_moveit/install/moveit_simple_controller_manager:/home/nick/ws_moveit/install/moveit_setup_assistant:/home/nick/ws_moveit/install/moveit_setup_srdf_plugins:/home/nick/ws_moveit/install/moveit_setup_core_plugins:/home/nick/ws_moveit/install/moveit_setup_controllers:/home/nick/ws_moveit/install/moveit_setup_app_plugins:/home/nick/ws_moveit/install/moveit_setup_framework:/home/nick/ws_moveit/install/moveit_servo:/home/nick/ws_moveit/install/moveit_ros_trajectory_cache:/home/nick/ws_moveit/install/moveit_ros:/home/nick/ws_moveit/install/moveit_ros_visualization:/home/nick/ws_moveit/install/moveit_py:/home/nick/ws_moveit/install/moveit_hybrid_planning:/home/nick/ws_moveit/install/moveit_ros_planning_interface:/home/nick/ws_moveit/install/moveit_ros_benchmarks:/home/nick/ws_moveit/install/moveit_ros_warehouse:/home/nick/ws_moveit/install/moveit_ros_robot_interaction:/home/nick/ws_moveit/install/moveit_ros_perception:/home/nick/ws_moveit/install/moveit_resources_prbt_pg70_support:/home/nick/ws_moveit/install/moveit_resources_prbt_moveit_config:/home/nick/ws_moveit/install/moveit_ros_move_group:/home/nick/ws_moveit/install/moveit_planners_ompl:/home/nick/ws_moveit/install/moveit_kinematics:/home/nick/ws_moveit/install/moveit_ros_planning:/home/nick/ws_moveit/install/moveit_ros_occupancy_map_monitor:/home/nick/ws_moveit/install/moveit_resources_prbt_support:/home/nick/ws_moveit/install/moveit_resources_prbt_ikfast_manipulator_plugin:/home/nick/ws_moveit/install/moveit_resources:/home/nick/ws_moveit/install/moveit_resources_pr2_description:/home/nick/ws_moveit/install/moveit_resources_panda_moveit_config:/home/nick/ws_moveit/install/dual_arm_panda_moveit_config:/home/nick/ws_moveit/install/moveit_resources_panda_description:/home/nick/ws_moveit/install/moveit_resources_fanuc_moveit_config:/home/nick/ws_moveit/install/moveit_resources_fanuc_description:/home/nick/ws_moveit/install/moveit_planners_stomp:/home/nick/ws_moveit/install/moveit_planners_chomp:/home/nick/ws_moveit/install/chomp_motion_planner:/home/nick/ws_moveit/install/moveit_core:/home/nick/ws_moveit/install/moveit_msgs:/home/nick/ws_moveit/install/moveit_common:/home/nick/ws_moveit/install/kortex_driver:/home/nick/ws_moveit/install/kortex_api:/home/nick/ws_moveit/install/moveit_configs_utils:/opt/ros/humble /usr/bin/cmake /home/nick/panda_dof_ws/src/four_dof_config -DCMAKE_INSTALL_PREFIX=/home/nick/panda_dof_ws/src/install/four_dof_config
[1.517s] DEBUG:colcon.colcon_core.event_handler.log_command:Invoking command in '/home/nick/panda_dof_ws/src/build/two_dof_config': AMENT_PREFIX_PATH=/home/nick/panda_dof_ws/src/install/panda_2dof_moveit_config:${AMENT_PREFIX_PATH} CMAKE_PREFIX_PATH=/home/nick/panda_dof_ws/src/install/panda_2dof_moveit_config:/home/nick/ws_moveit/install/robotiq_hardware_tests:/home/nick/ws_moveit/install/robotiq_driver:/home/nick/ws_moveit/install/serial:/home/nick/ws_moveit/install/moveit2_tutorials:/home/nick/ws_moveit/install/hello_moveit:/home/nick/ws_moveit/install/moveit_visual_tools:/home/nick/ws_moveit/install/rviz_visual_tools:/home/nick/ws_moveit/install/moveit_task_constructor_visualization:/home/nick/ws_moveit/install/moveit_task_constructor_demo:/home/nick/ws_moveit/install/moveit_task_constructor_capabilities:/home/nick/ws_moveit/install/moveit_task_constructor_core:/home/nick/ws_moveit/install/rviz_marker_tools:/home/nick/ws_moveit/install/kortex_bringup:/home/nick/ws_moveit/install/kinova_gen3_lite_moveit_config:/home/nick/ws_moveit/install/kinova_gen3_7dof_robotiq_2f_85_moveit_config:/home/nick/ws_moveit/install/kinova_gen3_6dof_robotiq_2f_85_moveit_config:/home/nick/ws_moveit/install/kortex_description:/home/nick/ws_moveit/install/robotiq_description:/home/nick/ws_moveit/install/robotiq_controllers:/home/nick/ws_moveit/install/pilz_industrial_motion_planner_testutils:/home/nick/ws_moveit/install/moveit_runtime:/home/nick/ws_moveit/install/moveit:/home/nick/ws_moveit/install/moveit_planners:/home/nick/ws_moveit/install/pilz_industrial_motion_planner:/home/nick/ws_moveit/install/moveit_task_constructor_msgs:/home/nick/ws_moveit/install/moveit_ros_control_interface:/home/nick/ws_moveit/install/moveit_plugins:/home/nick/ws_moveit/install/moveit_simple_controller_manager:/home/nick/ws_moveit/install/moveit_setup_assistant:/home/nick/ws_moveit/install/moveit_setup_srdf_plugins:/home/nick/ws_moveit/install/moveit_setup_core_plugins:/home/nick/ws_moveit/install/moveit_setup_controllers:/home/nick/ws_moveit/install/moveit_setup_app_plugins:/home/nick/ws_moveit/install/moveit_setup_framework:/home/nick/ws_moveit/install/moveit_servo:/home/nick/ws_moveit/install/moveit_ros_trajectory_cache:/home/nick/ws_moveit/install/moveit_ros:/home/nick/ws_moveit/install/moveit_ros_visualization:/home/nick/ws_moveit/install/moveit_py:/home/nick/ws_moveit/install/moveit_hybrid_planning:/home/nick/ws_moveit/install/moveit_ros_planning_interface:/home/nick/ws_moveit/install/moveit_ros_benchmarks:/home/nick/ws_moveit/install/moveit_ros_warehouse:/home/nick/ws_moveit/install/moveit_ros_robot_interaction:/home/nick/ws_moveit/install/moveit_ros_perception:/home/nick/ws_moveit/install/moveit_resources_prbt_pg70_support:/home/nick/ws_moveit/install/moveit_resources_prbt_moveit_config:/home/nick/ws_moveit/install/moveit_ros_move_group:/home/nick/ws_moveit/install/moveit_planners_ompl:/home/nick/ws_moveit/install/moveit_kinematics:/home/nick/ws_moveit/install/moveit_ros_planning:/home/nick/ws_moveit/install/moveit_ros_occupancy_map_monitor:/home/nick/ws_moveit/install/moveit_resources_prbt_support:/home/nick/ws_moveit/install/moveit_resources_prbt_ikfast_manipulator_plugin:/home/nick/ws_moveit/install/moveit_resources:/home/nick/ws_moveit/install/moveit_resources_pr2_description:/home/nick/ws_moveit/install/moveit_resources_panda_moveit_config:/home/nick/ws_moveit/install/dual_arm_panda_moveit_config:/home/nick/ws_moveit/install/moveit_resources_panda_description:/home/nick/ws_moveit/install/moveit_resources_fanuc_moveit_config:/home/nick/ws_moveit/install/moveit_resources_fanuc_description:/home/nick/ws_moveit/install/moveit_planners_stomp:/home/nick/ws_moveit/install/moveit_planners_chomp:/home/nick/ws_moveit/install/chomp_motion_planner:/home/nick/ws_moveit/install/moveit_core:/home/nick/ws_moveit/install/moveit_msgs:/home/nick/ws_moveit/install/moveit_common:/home/nick/ws_moveit/install/kortex_driver:/home/nick/ws_moveit/install/kortex_api:/home/nick/ws_moveit/install/moveit_configs_utils:/opt/ros/humble /usr/bin/cmake /home/nick/panda_dof_ws/src/two_dof_config -DCMAKE_INSTALL_PREFIX=/home/nick/panda_dof_ws/src/install/two_dof_config
[1.519s] DEBUG:colcon.colcon_core.event_handler.log_command:Invoking command in '/home/nick/panda_dof_ws/src/build/one_dof_config': AMENT_PREFIX_PATH=/home/nick/panda_dof_ws/src/install/panda_1dof_moveit_config:${AMENT_PREFIX_PATH} CMAKE_PREFIX_PATH=/home/nick/panda_dof_ws/src/install/panda_1dof_moveit_config:/home/nick/ws_moveit/install/robotiq_hardware_tests:/home/nick/ws_moveit/install/robotiq_driver:/home/nick/ws_moveit/install/serial:/home/nick/ws_moveit/install/moveit2_tutorials:/home/nick/ws_moveit/install/hello_moveit:/home/nick/ws_moveit/install/moveit_visual_tools:/home/nick/ws_moveit/install/rviz_visual_tools:/home/nick/ws_moveit/install/moveit_task_constructor_visualization:/home/nick/ws_moveit/install/moveit_task_constructor_demo:/home/nick/ws_moveit/install/moveit_task_constructor_capabilities:/home/nick/ws_moveit/install/moveit_task_constructor_core:/home/nick/ws_moveit/install/rviz_marker_tools:/home/nick/ws_moveit/install/kortex_bringup:/home/nick/ws_moveit/install/kinova_gen3_lite_moveit_config:/home/nick/ws_moveit/install/kinova_gen3_7dof_robotiq_2f_85_moveit_config:/home/nick/ws_moveit/install/kinova_gen3_6dof_robotiq_2f_85_moveit_config:/home/nick/ws_moveit/install/kortex_description:/home/nick/ws_moveit/install/robotiq_description:/home/nick/ws_moveit/install/robotiq_controllers:/home/nick/ws_moveit/install/pilz_industrial_motion_planner_testutils:/home/nick/ws_moveit/install/moveit_runtime:/home/nick/ws_moveit/install/moveit:/home/nick/ws_moveit/install/moveit_planners:/home/nick/ws_moveit/install/pilz_industrial_motion_planner:/home/nick/ws_moveit/install/moveit_task_constructor_msgs:/home/nick/ws_moveit/install/moveit_ros_control_interface:/home/nick/ws_moveit/install/moveit_plugins:/home/nick/ws_moveit/install/moveit_simple_controller_manager:/home/nick/ws_moveit/install/moveit_setup_assistant:/home/nick/ws_moveit/install/moveit_setup_srdf_plugins:/home/nick/ws_moveit/install/moveit_setup_core_plugins:/home/nick/ws_moveit/install/moveit_setup_controllers:/home/nick/ws_moveit/install/moveit_setup_app_plugins:/home/nick/ws_moveit/install/moveit_setup_framework:/home/nick/ws_moveit/install/moveit_servo:/home/nick/ws_moveit/install/moveit_ros_trajectory_cache:/home/nick/ws_moveit/install/moveit_ros:/home/nick/ws_moveit/install/moveit_ros_visualization:/home/nick/ws_moveit/install/moveit_py:/home/nick/ws_moveit/install/moveit_hybrid_planning:/home/nick/ws_moveit/install/moveit_ros_planning_interface:/home/nick/ws_moveit/install/moveit_ros_benchmarks:/home/nick/ws_moveit/install/moveit_ros_warehouse:/home/nick/ws_moveit/install/moveit_ros_robot_interaction:/home/nick/ws_moveit/install/moveit_ros_perception:/home/nick/ws_moveit/install/moveit_resources_prbt_pg70_support:/home/nick/ws_moveit/install/moveit_resources_prbt_moveit_config:/home/nick/ws_moveit/install/moveit_ros_move_group:/home/nick/ws_moveit/install/moveit_planners_ompl:/home/nick/ws_moveit/install/moveit_kinematics:/home/nick/ws_moveit/install/moveit_ros_planning:/home/nick/ws_moveit/install/moveit_ros_occupancy_map_monitor:/home/nick/ws_moveit/install/moveit_resources_prbt_support:/home/nick/ws_moveit/install/moveit_resources_prbt_ikfast_manipulator_plugin:/home/nick/ws_moveit/install/moveit_resources:/home/nick/ws_moveit/install/moveit_resources_pr2_description:/home/nick/ws_moveit/install/moveit_resources_panda_moveit_config:/home/nick/ws_moveit/install/dual_arm_panda_moveit_config:/home/nick/ws_moveit/install/moveit_resources_panda_description:/home/nick/ws_moveit/install/moveit_resources_fanuc_moveit_config:/home/nick/ws_moveit/install/moveit_resources_fanuc_description:/home/nick/ws_moveit/install/moveit_planners_stomp:/home/nick/ws_moveit/install/moveit_planners_chomp:/home/nick/ws_moveit/install/chomp_motion_planner:/home/nick/ws_moveit/install/moveit_core:/home/nick/ws_moveit/install/moveit_msgs:/home/nick/ws_moveit/install/moveit_common:/home/nick/ws_moveit/install/kortex_driver:/home/nick/ws_moveit/install/kortex_api:/home/nick/ws_moveit/install/moveit_configs_utils:/opt/ros/humble /usr/bin/cmake /home/nick/panda_dof_ws/src/one_dof_config -DCMAKE_INSTALL_PREFIX=/home/nick/panda_dof_ws/src/install/one_dof_config
[1.522s] DEBUG:colcon.colcon_core.event_handler.log_command:Invoking command in '/home/nick/panda_dof_ws/src/build/panda_7dof_moveit_config': AMENT_PREFIX_PATH=/home/nick/panda_dof_ws/src/install/panda_urdf_modifications:${AMENT_PREFIX_PATH} CMAKE_PREFIX_PATH=/home/nick/panda_dof_ws/src/install/panda_urdf_modifications:/home/nick/ws_moveit/install/robotiq_hardware_tests:/home/nick/ws_moveit/install/robotiq_driver:/home/nick/ws_moveit/install/serial:/home/nick/ws_moveit/install/moveit2_tutorials:/home/nick/ws_moveit/install/hello_moveit:/home/nick/ws_moveit/install/moveit_visual_tools:/home/nick/ws_moveit/install/rviz_visual_tools:/home/nick/ws_moveit/install/moveit_task_constructor_visualization:/home/nick/ws_moveit/install/moveit_task_constructor_demo:/home/nick/ws_moveit/install/moveit_task_constructor_capabilities:/home/nick/ws_moveit/install/moveit_task_constructor_core:/home/nick/ws_moveit/install/rviz_marker_tools:/home/nick/ws_moveit/install/kortex_bringup:/home/nick/ws_moveit/install/kinova_gen3_lite_moveit_config:/home/nick/ws_moveit/install/kinova_gen3_7dof_robotiq_2f_85_moveit_config:/home/nick/ws_moveit/install/kinova_gen3_6dof_robotiq_2f_85_moveit_config:/home/nick/ws_moveit/install/kortex_description:/home/nick/ws_moveit/install/robotiq_description:/home/nick/ws_moveit/install/robotiq_controllers:/home/nick/ws_moveit/install/pilz_industrial_motion_planner_testutils:/home/nick/ws_moveit/install/moveit_runtime:/home/nick/ws_moveit/install/moveit:/home/nick/ws_moveit/install/moveit_planners:/home/nick/ws_moveit/install/pilz_industrial_motion_planner:/home/nick/ws_moveit/install/moveit_task_constructor_msgs:/home/nick/ws_moveit/install/moveit_ros_control_interface:/home/nick/ws_moveit/install/moveit_plugins:/home/nick/ws_moveit/install/moveit_simple_controller_manager:/home/nick/ws_moveit/install/moveit_setup_assistant:/home/nick/ws_moveit/install/moveit_setup_srdf_plugins:/home/nick/ws_moveit/install/moveit_setup_core_plugins:/home/nick/ws_moveit/install/moveit_setup_controllers:/home/nick/ws_moveit/install/moveit_setup_app_plugins:/home/nick/ws_moveit/install/moveit_setup_framework:/home/nick/ws_moveit/install/moveit_servo:/home/nick/ws_moveit/install/moveit_ros_trajectory_cache:/home/nick/ws_moveit/install/moveit_ros:/home/nick/ws_moveit/install/moveit_ros_visualization:/home/nick/ws_moveit/install/moveit_py:/home/nick/ws_moveit/install/moveit_hybrid_planning:/home/nick/ws_moveit/install/moveit_ros_planning_interface:/home/nick/ws_moveit/install/moveit_ros_benchmarks:/home/nick/ws_moveit/install/moveit_ros_warehouse:/home/nick/ws_moveit/install/moveit_ros_robot_interaction:/home/nick/ws_moveit/install/moveit_ros_perception:/home/nick/ws_moveit/install/moveit_resources_prbt_pg70_support:/home/nick/ws_moveit/install/moveit_resources_prbt_moveit_config:/home/nick/ws_moveit/install/moveit_ros_move_group:/home/nick/ws_moveit/install/moveit_planners_ompl:/home/nick/ws_moveit/install/moveit_kinematics:/home/nick/ws_moveit/install/moveit_ros_planning:/home/nick/ws_moveit/install/moveit_ros_occupancy_map_monitor:/home/nick/ws_moveit/install/moveit_resources_prbt_support:/home/nick/ws_moveit/install/moveit_resources_prbt_ikfast_manipulator_plugin:/home/nick/ws_moveit/install/moveit_resources:/home/nick/ws_moveit/install/moveit_resources_pr2_description:/home/nick/ws_moveit/install/moveit_resources_panda_moveit_config:/home/nick/ws_moveit/install/dual_arm_panda_moveit_config:/home/nick/ws_moveit/install/moveit_resources_panda_description:/home/nick/ws_moveit/install/moveit_resources_fanuc_moveit_config:/home/nick/ws_moveit/install/moveit_resources_fanuc_description:/home/nick/ws_moveit/install/moveit_planners_stomp:/home/nick/ws_moveit/install/moveit_planners_chomp:/home/nick/ws_moveit/install/chomp_motion_planner:/home/nick/ws_moveit/install/moveit_core:/home/nick/ws_moveit/install/moveit_msgs:/home/nick/ws_moveit/install/moveit_common:/home/nick/ws_moveit/install/kortex_driver:/home/nick/ws_moveit/install/kortex_api:/home/nick/ws_moveit/install/moveit_configs_utils:/opt/ros/humble /usr/bin/cmake /home/nick/panda_dof_ws/src/panda_7dof_moveit_config -DCMAKE_INSTALL_PREFIX=/home/nick/panda_dof_ws/src/install/panda_7dof_moveit_config
[2.124s] DEBUG:colcon.colcon_core.event_handler.log_command:Invoked command in '/home/nick/panda_dof_ws/src/build/six_dof_config' returned '0': AMENT_PREFIX_PATH=/home/nick/panda_dof_ws/src/install/panda_6dof_moveit_config:${AMENT_PREFIX_PATH} CMAKE_PREFIX_PATH=/home/nick/panda_dof_ws/src/install/panda_6dof_moveit_config:/home/nick/ws_moveit/install/robotiq_hardware_tests:/home/nick/ws_moveit/install/robotiq_driver:/home/nick/ws_moveit/install/serial:/home/nick/ws_moveit/install/moveit2_tutorials:/home/nick/ws_moveit/install/hello_moveit:/home/nick/ws_moveit/install/moveit_visual_tools:/home/nick/ws_moveit/install/rviz_visual_tools:/home/nick/ws_moveit/install/moveit_task_constructor_visualization:/home/nick/ws_moveit/install/moveit_task_constructor_demo:/home/nick/ws_moveit/install/moveit_task_constructor_capabilities:/home/nick/ws_moveit/install/moveit_task_constructor_core:/home/nick/ws_moveit/install/rviz_marker_tools:/home/nick/ws_moveit/install/kortex_bringup:/home/nick/ws_moveit/install/kinova_gen3_lite_moveit_config:/home/nick/ws_moveit/install/kinova_gen3_7dof_robotiq_2f_85_moveit_config:/home/nick/ws_moveit/install/kinova_gen3_6dof_robotiq_2f_85_moveit_config:/home/nick/ws_moveit/install/kortex_description:/home/nick/ws_moveit/install/robotiq_description:/home/nick/ws_moveit/install/robotiq_controllers:/home/nick/ws_moveit/install/pilz_industrial_motion_planner_testutils:/home/nick/ws_moveit/install/moveit_runtime:/home/nick/ws_moveit/install/moveit:/home/nick/ws_moveit/install/moveit_planners:/home/nick/ws_moveit/install/pilz_industrial_motion_planner:/home/nick/ws_moveit/install/moveit_task_constructor_msgs:/home/nick/ws_moveit/install/moveit_ros_control_interface:/home/nick/ws_moveit/install/moveit_plugins:/home/nick/ws_moveit/install/moveit_simple_controller_manager:/home/nick/ws_moveit/install/moveit_setup_assistant:/home/nick/ws_moveit/install/moveit_setup_srdf_plugins:/home/nick/ws_moveit/install/moveit_setup_core_plugins:/home/nick/ws_moveit/install/moveit_setup_controllers:/home/nick/ws_moveit/install/moveit_setup_app_plugins:/home/nick/ws_moveit/install/moveit_setup_framework:/home/nick/ws_moveit/install/moveit_servo:/home/nick/ws_moveit/install/moveit_ros_trajectory_cache:/home/nick/ws_moveit/install/moveit_ros:/home/nick/ws_moveit/install/moveit_ros_visualization:/home/nick/ws_moveit/install/moveit_py:/home/nick/ws_moveit/install/moveit_hybrid_planning:/home/nick/ws_moveit/install/moveit_ros_planning_interface:/home/nick/ws_moveit/install/moveit_ros_benchmarks:/home/nick/ws_moveit/install/moveit_ros_warehouse:/home/nick/ws_moveit/install/moveit_ros_robot_interaction:/home/nick/ws_moveit/install/moveit_ros_perception:/home/nick/ws_moveit/install/moveit_resources_prbt_pg70_support:/home/nick/ws_moveit/install/moveit_resources_prbt_moveit_config:/home/nick/ws_moveit/install/moveit_ros_move_group:/home/nick/ws_moveit/install/moveit_planners_ompl:/home/nick/ws_moveit/install/moveit_kinematics:/home/nick/ws_moveit/install/moveit_ros_planning:/home/nick/ws_moveit/install/moveit_ros_occupancy_map_monitor:/home/nick/ws_moveit/install/moveit_resources_prbt_support:/home/nick/ws_moveit/install/moveit_resources_prbt_ikfast_manipulator_plugin:/home/nick/ws_moveit/install/moveit_resources:/home/nick/ws_moveit/install/moveit_resources_pr2_description:/home/nick/ws_moveit/install/moveit_resources_panda_moveit_config:/home/nick/ws_moveit/install/dual_arm_panda_moveit_config:/home/nick/ws_moveit/install/moveit_resources_panda_description:/home/nick/ws_moveit/install/moveit_resources_fanuc_moveit_config:/home/nick/ws_moveit/install/moveit_resources_fanuc_description:/home/nick/ws_moveit/install/moveit_planners_stomp:/home/nick/ws_moveit/install/moveit_planners_chomp:/home/nick/ws_moveit/install/chomp_motion_planner:/home/nick/ws_moveit/install/moveit_core:/home/nick/ws_moveit/install/moveit_msgs:/home/nick/ws_moveit/install/moveit_common:/home/nick/ws_moveit/install/kortex_driver:/home/nick/ws_moveit/install/kortex_api:/home/nick/ws_moveit/install/moveit_configs_utils:/opt/ros/humble /usr/bin/cmake /home/nick/panda_dof_ws/src/six_dof_config -DCMAKE_INSTALL_PREFIX=/home/nick/panda_dof_ws/src/install/six_dof_config
[2.125s] DEBUG:colcon.colcon_core.event_handler.log_command:Invoking command in '/home/nick/panda_dof_ws/src/build/six_dof_config': AMENT_PREFIX_PATH=/home/nick/panda_dof_ws/src/install/panda_6dof_moveit_config:${AMENT_PREFIX_PATH} CMAKE_PREFIX_PATH=/home/nick/panda_dof_ws/src/install/panda_6dof_moveit_config:/home/nick/ws_moveit/install/robotiq_hardware_tests:/home/nick/ws_moveit/install/robotiq_driver:/home/nick/ws_moveit/install/serial:/home/nick/ws_moveit/install/moveit2_tutorials:/home/nick/ws_moveit/install/hello_moveit:/home/nick/ws_moveit/install/moveit_visual_tools:/home/nick/ws_moveit/install/rviz_visual_tools:/home/nick/ws_moveit/install/moveit_task_constructor_visualization:/home/nick/ws_moveit/install/moveit_task_constructor_demo:/home/nick/ws_moveit/install/moveit_task_constructor_capabilities:/home/nick/ws_moveit/install/moveit_task_constructor_core:/home/nick/ws_moveit/install/rviz_marker_tools:/home/nick/ws_moveit/install/kortex_bringup:/home/nick/ws_moveit/install/kinova_gen3_lite_moveit_config:/home/nick/ws_moveit/install/kinova_gen3_7dof_robotiq_2f_85_moveit_config:/home/nick/ws_moveit/install/kinova_gen3_6dof_robotiq_2f_85_moveit_config:/home/nick/ws_moveit/install/kortex_description:/home/nick/ws_moveit/install/robotiq_description:/home/nick/ws_moveit/install/robotiq_controllers:/home/nick/ws_moveit/install/pilz_industrial_motion_planner_testutils:/home/nick/ws_moveit/install/moveit_runtime:/home/nick/ws_moveit/install/moveit:/home/nick/ws_moveit/install/moveit_planners:/home/nick/ws_moveit/install/pilz_industrial_motion_planner:/home/nick/ws_moveit/install/moveit_task_constructor_msgs:/home/nick/ws_moveit/install/moveit_ros_control_interface:/home/nick/ws_moveit/install/moveit_plugins:/home/nick/ws_moveit/install/moveit_simple_controller_manager:/home/nick/ws_moveit/install/moveit_setup_assistant:/home/nick/ws_moveit/install/moveit_setup_srdf_plugins:/home/nick/ws_moveit/install/moveit_setup_core_plugins:/home/nick/ws_moveit/install/moveit_setup_controllers:/home/nick/ws_moveit/install/moveit_setup_app_plugins:/home/nick/ws_moveit/install/moveit_setup_framework:/home/nick/ws_moveit/install/moveit_servo:/home/nick/ws_moveit/install/moveit_ros_trajectory_cache:/home/nick/ws_moveit/install/moveit_ros:/home/nick/ws_moveit/install/moveit_ros_visualization:/home/nick/ws_moveit/install/moveit_py:/home/nick/ws_moveit/install/moveit_hybrid_planning:/home/nick/ws_moveit/install/moveit_ros_planning_interface:/home/nick/ws_moveit/install/moveit_ros_benchmarks:/home/nick/ws_moveit/install/moveit_ros_warehouse:/home/nick/ws_moveit/install/moveit_ros_robot_interaction:/home/nick/ws_moveit/install/moveit_ros_perception:/home/nick/ws_moveit/install/moveit_resources_prbt_pg70_support:/home/nick/ws_moveit/install/moveit_resources_prbt_moveit_config:/home/nick/ws_moveit/install/moveit_ros_move_group:/home/nick/ws_moveit/install/moveit_planners_ompl:/home/nick/ws_moveit/install/moveit_kinematics:/home/nick/ws_moveit/install/moveit_ros_planning:/home/nick/ws_moveit/install/moveit_ros_occupancy_map_monitor:/home/nick/ws_moveit/install/moveit_resources_prbt_support:/home/nick/ws_moveit/install/moveit_resources_prbt_ikfast_manipulator_plugin:/home/nick/ws_moveit/install/moveit_resources:/home/nick/ws_moveit/install/moveit_resources_pr2_description:/home/nick/ws_moveit/install/moveit_resources_panda_moveit_config:/home/nick/ws_moveit/install/dual_arm_panda_moveit_config:/home/nick/ws_moveit/install/moveit_resources_panda_description:/home/nick/ws_moveit/install/moveit_resources_fanuc_moveit_config:/home/nick/ws_moveit/install/moveit_resources_fanuc_description:/home/nick/ws_moveit/install/moveit_planners_stomp:/home/nick/ws_moveit/install/moveit_planners_chomp:/home/nick/ws_moveit/install/chomp_motion_planner:/home/nick/ws_moveit/install/moveit_core:/home/nick/ws_moveit/install/moveit_msgs:/home/nick/ws_moveit/install/moveit_common:/home/nick/ws_moveit/install/kortex_driver:/home/nick/ws_moveit/install/kortex_api:/home/nick/ws_moveit/install/moveit_configs_utils:/opt/ros/humble /usr/bin/cmake --build /home/nick/panda_dof_ws/src/build/six_dof_config -- -j12 -l12
[2.169s] DEBUG:colcon.colcon_core.event_handler.log_command:Invoked command in '/home/nick/panda_dof_ws/src/build/three_dof_config' returned '0': AMENT_PREFIX_PATH=/home/nick/panda_dof_ws/src/install/panda_3dof_moveit_config:${AMENT_PREFIX_PATH} CMAKE_PREFIX_PATH=/home/nick/panda_dof_ws/src/install/panda_3dof_moveit_config:/home/nick/ws_moveit/install/robotiq_hardware_tests:/home/nick/ws_moveit/install/robotiq_driver:/home/nick/ws_moveit/install/serial:/home/nick/ws_moveit/install/moveit2_tutorials:/home/nick/ws_moveit/install/hello_moveit:/home/nick/ws_moveit/install/moveit_visual_tools:/home/nick/ws_moveit/install/rviz_visual_tools:/home/nick/ws_moveit/install/moveit_task_constructor_visualization:/home/nick/ws_moveit/install/moveit_task_constructor_demo:/home/nick/ws_moveit/install/moveit_task_constructor_capabilities:/home/nick/ws_moveit/install/moveit_task_constructor_core:/home/nick/ws_moveit/install/rviz_marker_tools:/home/nick/ws_moveit/install/kortex_bringup:/home/nick/ws_moveit/install/kinova_gen3_lite_moveit_config:/home/nick/ws_moveit/install/kinova_gen3_7dof_robotiq_2f_85_moveit_config:/home/nick/ws_moveit/install/kinova_gen3_6dof_robotiq_2f_85_moveit_config:/home/nick/ws_moveit/install/kortex_description:/home/nick/ws_moveit/install/robotiq_description:/home/nick/ws_moveit/install/robotiq_controllers:/home/nick/ws_moveit/install/pilz_industrial_motion_planner_testutils:/home/nick/ws_moveit/install/moveit_runtime:/home/nick/ws_moveit/install/moveit:/home/nick/ws_moveit/install/moveit_planners:/home/nick/ws_moveit/install/pilz_industrial_motion_planner:/home/nick/ws_moveit/install/moveit_task_constructor_msgs:/home/nick/ws_moveit/install/moveit_ros_control_interface:/home/nick/ws_moveit/install/moveit_plugins:/home/nick/ws_moveit/install/moveit_simple_controller_manager:/home/nick/ws_moveit/install/moveit_setup_assistant:/home/nick/ws_moveit/install/moveit_setup_srdf_plugins:/home/nick/ws_moveit/install/moveit_setup_core_plugins:/home/nick/ws_moveit/install/moveit_setup_controllers:/home/nick/ws_moveit/install/moveit_setup_app_plugins:/home/nick/ws_moveit/install/moveit_setup_framework:/home/nick/ws_moveit/install/moveit_servo:/home/nick/ws_moveit/install/moveit_ros_trajectory_cache:/home/nick/ws_moveit/install/moveit_ros:/home/nick/ws_moveit/install/moveit_ros_visualization:/home/nick/ws_moveit/install/moveit_py:/home/nick/ws_moveit/install/moveit_hybrid_planning:/home/nick/ws_moveit/install/moveit_ros_planning_interface:/home/nick/ws_moveit/install/moveit_ros_benchmarks:/home/nick/ws_moveit/install/moveit_ros_warehouse:/home/nick/ws_moveit/install/moveit_ros_robot_interaction:/home/nick/ws_moveit/install/moveit_ros_perception:/home/nick/ws_moveit/install/moveit_resources_prbt_pg70_support:/home/nick/ws_moveit/install/moveit_resources_prbt_moveit_config:/home/nick/ws_moveit/install/moveit_ros_move_group:/home/nick/ws_moveit/install/moveit_planners_ompl:/home/nick/ws_moveit/install/moveit_kinematics:/home/nick/ws_moveit/install/moveit_ros_planning:/home/nick/ws_moveit/install/moveit_ros_occupancy_map_monitor:/home/nick/ws_moveit/install/moveit_resources_prbt_support:/home/nick/ws_moveit/install/moveit_resources_prbt_ikfast_manipulator_plugin:/home/nick/ws_moveit/install/moveit_resources:/home/nick/ws_moveit/install/moveit_resources_pr2_description:/home/nick/ws_moveit/install/moveit_resources_panda_moveit_config:/home/nick/ws_moveit/install/dual_arm_panda_moveit_config:/home/nick/ws_moveit/install/moveit_resources_panda_description:/home/nick/ws_moveit/install/moveit_resources_fanuc_moveit_config:/home/nick/ws_moveit/install/moveit_resources_fanuc_description:/home/nick/ws_moveit/install/moveit_planners_stomp:/home/nick/ws_moveit/install/moveit_planners_chomp:/home/nick/ws_moveit/install/chomp_motion_planner:/home/nick/ws_moveit/install/moveit_core:/home/nick/ws_moveit/install/moveit_msgs:/home/nick/ws_moveit/install/moveit_common:/home/nick/ws_moveit/install/kortex_driver:/home/nick/ws_moveit/install/kortex_api:/home/nick/ws_moveit/install/moveit_configs_utils:/opt/ros/humble /usr/bin/cmake /home/nick/panda_dof_ws/src/three_dof_config -DCMAKE_INSTALL_PREFIX=/home/nick/panda_dof_ws/src/install/three_dof_config
[2.170s] DEBUG:colcon.colcon_core.event_handler.log_command:Invoking command in '/home/nick/panda_dof_ws/src/build/three_dof_config': AMENT_PREFIX_PATH=/home/nick/panda_dof_ws/src/install/panda_3dof_moveit_config:${AMENT_PREFIX_PATH} CMAKE_PREFIX_PATH=/home/nick/panda_dof_ws/src/install/panda_3dof_moveit_config:/home/nick/ws_moveit/install/robotiq_hardware_tests:/home/nick/ws_moveit/install/robotiq_driver:/home/nick/ws_moveit/install/serial:/home/nick/ws_moveit/install/moveit2_tutorials:/home/nick/ws_moveit/install/hello_moveit:/home/nick/ws_moveit/install/moveit_visual_tools:/home/nick/ws_moveit/install/rviz_visual_tools:/home/nick/ws_moveit/install/moveit_task_constructor_visualization:/home/nick/ws_moveit/install/moveit_task_constructor_demo:/home/nick/ws_moveit/install/moveit_task_constructor_capabilities:/home/nick/ws_moveit/install/moveit_task_constructor_core:/home/nick/ws_moveit/install/rviz_marker_tools:/home/nick/ws_moveit/install/kortex_bringup:/home/nick/ws_moveit/install/kinova_gen3_lite_moveit_config:/home/nick/ws_moveit/install/kinova_gen3_7dof_robotiq_2f_85_moveit_config:/home/nick/ws_moveit/install/kinova_gen3_6dof_robotiq_2f_85_moveit_config:/home/nick/ws_moveit/install/kortex_description:/home/nick/ws_moveit/install/robotiq_description:/home/nick/ws_moveit/install/robotiq_controllers:/home/nick/ws_moveit/install/pilz_industrial_motion_planner_testutils:/home/nick/ws_moveit/install/moveit_runtime:/home/nick/ws_moveit/install/moveit:/home/nick/ws_moveit/install/moveit_planners:/home/nick/ws_moveit/install/pilz_industrial_motion_planner:/home/nick/ws_moveit/install/moveit_task_constructor_msgs:/home/nick/ws_moveit/install/moveit_ros_control_interface:/home/nick/ws_moveit/install/moveit_plugins:/home/nick/ws_moveit/install/moveit_simple_controller_manager:/home/nick/ws_moveit/install/moveit_setup_assistant:/home/nick/ws_moveit/install/moveit_setup_srdf_plugins:/home/nick/ws_moveit/install/moveit_setup_core_plugins:/home/nick/ws_moveit/install/moveit_setup_controllers:/home/nick/ws_moveit/install/moveit_setup_app_plugins:/home/nick/ws_moveit/install/moveit_setup_framework:/home/nick/ws_moveit/install/moveit_servo:/home/nick/ws_moveit/install/moveit_ros_trajectory_cache:/home/nick/ws_moveit/install/moveit_ros:/home/nick/ws_moveit/install/moveit_ros_visualization:/home/nick/ws_moveit/install/moveit_py:/home/nick/ws_moveit/install/moveit_hybrid_planning:/home/nick/ws_moveit/install/moveit_ros_planning_interface:/home/nick/ws_moveit/install/moveit_ros_benchmarks:/home/nick/ws_moveit/install/moveit_ros_warehouse:/home/nick/ws_moveit/install/moveit_ros_robot_interaction:/home/nick/ws_moveit/install/moveit_ros_perception:/home/nick/ws_moveit/install/moveit_resources_prbt_pg70_support:/home/nick/ws_moveit/install/moveit_resources_prbt_moveit_config:/home/nick/ws_moveit/install/moveit_ros_move_group:/home/nick/ws_moveit/install/moveit_planners_ompl:/home/nick/ws_moveit/install/moveit_kinematics:/home/nick/ws_moveit/install/moveit_ros_planning:/home/nick/ws_moveit/install/moveit_ros_occupancy_map_monitor:/home/nick/ws_moveit/install/moveit_resources_prbt_support:/home/nick/ws_moveit/install/moveit_resources_prbt_ikfast_manipulator_plugin:/home/nick/ws_moveit/install/moveit_resources:/home/nick/ws_moveit/install/moveit_resources_pr2_description:/home/nick/ws_moveit/install/moveit_resources_panda_moveit_config:/home/nick/ws_moveit/install/dual_arm_panda_moveit_config:/home/nick/ws_moveit/install/moveit_resources_panda_description:/home/nick/ws_moveit/install/moveit_resources_fanuc_moveit_config:/home/nick/ws_moveit/install/moveit_resources_fanuc_description:/home/nick/ws_moveit/install/moveit_planners_stomp:/home/nick/ws_moveit/install/moveit_planners_chomp:/home/nick/ws_moveit/install/chomp_motion_planner:/home/nick/ws_moveit/install/moveit_core:/home/nick/ws_moveit/install/moveit_msgs:/home/nick/ws_moveit/install/moveit_common:/home/nick/ws_moveit/install/kortex_driver:/home/nick/ws_moveit/install/kortex_api:/home/nick/ws_moveit/install/moveit_configs_utils:/opt/ros/humble /usr/bin/cmake --build /home/nick/panda_dof_ws/src/build/three_dof_config -- -j12 -l12
[2.175s] DEBUG:colcon.colcon_core.event_handler.log_command:Invoked command in '/home/nick/panda_dof_ws/src/build/six_dof_config' returned '0': AMENT_PREFIX_PATH=/home/nick/panda_dof_ws/src/install/panda_6dof_moveit_config:${AMENT_PREFIX_PATH} CMAKE_PREFIX_PATH=/home/nick/panda_dof_ws/src/install/panda_6dof_moveit_config:/home/nick/ws_moveit/install/robotiq_hardware_tests:/home/nick/ws_moveit/install/robotiq_driver:/home/nick/ws_moveit/install/serial:/home/nick/ws_moveit/install/moveit2_tutorials:/home/nick/ws_moveit/install/hello_moveit:/home/nick/ws_moveit/install/moveit_visual_tools:/home/nick/ws_moveit/install/rviz_visual_tools:/home/nick/ws_moveit/install/moveit_task_constructor_visualization:/home/nick/ws_moveit/install/moveit_task_constructor_demo:/home/nick/ws_moveit/install/moveit_task_constructor_capabilities:/home/nick/ws_moveit/install/moveit_task_constructor_core:/home/nick/ws_moveit/install/rviz_marker_tools:/home/nick/ws_moveit/install/kortex_bringup:/home/nick/ws_moveit/install/kinova_gen3_lite_moveit_config:/home/nick/ws_moveit/install/kinova_gen3_7dof_robotiq_2f_85_moveit_config:/home/nick/ws_moveit/install/kinova_gen3_6dof_robotiq_2f_85_moveit_config:/home/nick/ws_moveit/install/kortex_description:/home/nick/ws_moveit/install/robotiq_description:/home/nick/ws_moveit/install/robotiq_controllers:/home/nick/ws_moveit/install/pilz_industrial_motion_planner_testutils:/home/nick/ws_moveit/install/moveit_runtime:/home/nick/ws_moveit/install/moveit:/home/nick/ws_moveit/install/moveit_planners:/home/nick/ws_moveit/install/pilz_industrial_motion_planner:/home/nick/ws_moveit/install/moveit_task_constructor_msgs:/home/nick/ws_moveit/install/moveit_ros_control_interface:/home/nick/ws_moveit/install/moveit_plugins:/home/nick/ws_moveit/install/moveit_simple_controller_manager:/home/nick/ws_moveit/install/moveit_setup_assistant:/home/nick/ws_moveit/install/moveit_setup_srdf_plugins:/home/nick/ws_moveit/install/moveit_setup_core_plugins:/home/nick/ws_moveit/install/moveit_setup_controllers:/home/nick/ws_moveit/install/moveit_setup_app_plugins:/home/nick/ws_moveit/install/moveit_setup_framework:/home/nick/ws_moveit/install/moveit_servo:/home/nick/ws_moveit/install/moveit_ros_trajectory_cache:/home/nick/ws_moveit/install/moveit_ros:/home/nick/ws_moveit/install/moveit_ros_visualization:/home/nick/ws_moveit/install/moveit_py:/home/nick/ws_moveit/install/moveit_hybrid_planning:/home/nick/ws_moveit/install/moveit_ros_planning_interface:/home/nick/ws_moveit/install/moveit_ros_benchmarks:/home/nick/ws_moveit/install/moveit_ros_warehouse:/home/nick/ws_moveit/install/moveit_ros_robot_interaction:/home/nick/ws_moveit/install/moveit_ros_perception:/home/nick/ws_moveit/install/moveit_resources_prbt_pg70_support:/home/nick/ws_moveit/install/moveit_resources_prbt_moveit_config:/home/nick/ws_moveit/install/moveit_ros_move_group:/home/nick/ws_moveit/install/moveit_planners_ompl:/home/nick/ws_moveit/install/moveit_kinematics:/home/nick/ws_moveit/install/moveit_ros_planning:/home/nick/ws_moveit/install/moveit_ros_occupancy_map_monitor:/home/nick/ws_moveit/install/moveit_resources_prbt_support:/home/nick/ws_moveit/install/moveit_resources_prbt_ikfast_manipulator_plugin:/home/nick/ws_moveit/install/moveit_resources:/home/nick/ws_moveit/install/moveit_resources_pr2_description:/home/nick/ws_moveit/install/moveit_resources_panda_moveit_config:/home/nick/ws_moveit/install/dual_arm_panda_moveit_config:/home/nick/ws_moveit/install/moveit_resources_panda_description:/home/nick/ws_moveit/install/moveit_resources_fanuc_moveit_config:/home/nick/ws_moveit/install/moveit_resources_fanuc_description:/home/nick/ws_moveit/install/moveit_planners_stomp:/home/nick/ws_moveit/install/moveit_planners_chomp:/home/nick/ws_moveit/install/chomp_motion_planner:/home/nick/ws_moveit/install/moveit_core:/home/nick/ws_moveit/install/moveit_msgs:/home/nick/ws_moveit/install/moveit_common:/home/nick/ws_moveit/install/kortex_driver:/home/nick/ws_moveit/install/kortex_api:/home/nick/ws_moveit/install/moveit_configs_utils:/opt/ros/humble /usr/bin/cmake --build /home/nick/panda_dof_ws/src/build/six_dof_config -- -j12 -l12
[2.176s] DEBUG:colcon.colcon_core.event_handler.log_command:Invoking command in '/home/nick/panda_dof_ws/src/build/six_dof_config': AMENT_PREFIX_PATH=/home/nick/panda_dof_ws/src/install/panda_6dof_moveit_config:${AMENT_PREFIX_PATH} CMAKE_PREFIX_PATH=/home/nick/panda_dof_ws/src/install/panda_6dof_moveit_config:/home/nick/ws_moveit/install/robotiq_hardware_tests:/home/nick/ws_moveit/install/robotiq_driver:/home/nick/ws_moveit/install/serial:/home/nick/ws_moveit/install/moveit2_tutorials:/home/nick/ws_moveit/install/hello_moveit:/home/nick/ws_moveit/install/moveit_visual_tools:/home/nick/ws_moveit/install/rviz_visual_tools:/home/nick/ws_moveit/install/moveit_task_constructor_visualization:/home/nick/ws_moveit/install/moveit_task_constructor_demo:/home/nick/ws_moveit/install/moveit_task_constructor_capabilities:/home/nick/ws_moveit/install/moveit_task_constructor_core:/home/nick/ws_moveit/install/rviz_marker_tools:/home/nick/ws_moveit/install/kortex_bringup:/home/nick/ws_moveit/install/kinova_gen3_lite_moveit_config:/home/nick/ws_moveit/install/kinova_gen3_7dof_robotiq_2f_85_moveit_config:/home/nick/ws_moveit/install/kinova_gen3_6dof_robotiq_2f_85_moveit_config:/home/nick/ws_moveit/install/kortex_description:/home/nick/ws_moveit/install/robotiq_description:/home/nick/ws_moveit/install/robotiq_controllers:/home/nick/ws_moveit/install/pilz_industrial_motion_planner_testutils:/home/nick/ws_moveit/install/moveit_runtime:/home/nick/ws_moveit/install/moveit:/home/nick/ws_moveit/install/moveit_planners:/home/nick/ws_moveit/install/pilz_industrial_motion_planner:/home/nick/ws_moveit/install/moveit_task_constructor_msgs:/home/nick/ws_moveit/install/moveit_ros_control_interface:/home/nick/ws_moveit/install/moveit_plugins:/home/nick/ws_moveit/install/moveit_simple_controller_manager:/home/nick/ws_moveit/install/moveit_setup_assistant:/home/nick/ws_moveit/install/moveit_setup_srdf_plugins:/home/nick/ws_moveit/install/moveit_setup_core_plugins:/home/nick/ws_moveit/install/moveit_setup_controllers:/home/nick/ws_moveit/install/moveit_setup_app_plugins:/home/nick/ws_moveit/install/moveit_setup_framework:/home/nick/ws_moveit/install/moveit_servo:/home/nick/ws_moveit/install/moveit_ros_trajectory_cache:/home/nick/ws_moveit/install/moveit_ros:/home/nick/ws_moveit/install/moveit_ros_visualization:/home/nick/ws_moveit/install/moveit_py:/home/nick/ws_moveit/install/moveit_hybrid_planning:/home/nick/ws_moveit/install/moveit_ros_planning_interface:/home/nick/ws_moveit/install/moveit_ros_benchmarks:/home/nick/ws_moveit/install/moveit_ros_warehouse:/home/nick/ws_moveit/install/moveit_ros_robot_interaction:/home/nick/ws_moveit/install/moveit_ros_perception:/home/nick/ws_moveit/install/moveit_resources_prbt_pg70_support:/home/nick/ws_moveit/install/moveit_resources_prbt_moveit_config:/home/nick/ws_moveit/install/moveit_ros_move_group:/home/nick/ws_moveit/install/moveit_planners_ompl:/home/nick/ws_moveit/install/moveit_kinematics:/home/nick/ws_moveit/install/moveit_ros_planning:/home/nick/ws_moveit/install/moveit_ros_occupancy_map_monitor:/home/nick/ws_moveit/install/moveit_resources_prbt_support:/home/nick/ws_moveit/install/moveit_resources_prbt_ikfast_manipulator_plugin:/home/nick/ws_moveit/install/moveit_resources:/home/nick/ws_moveit/install/moveit_resources_pr2_description:/home/nick/ws_moveit/install/moveit_resources_panda_moveit_config:/home/nick/ws_moveit/install/dual_arm_panda_moveit_config:/home/nick/ws_moveit/install/moveit_resources_panda_description:/home/nick/ws_moveit/install/moveit_resources_fanuc_moveit_config:/home/nick/ws_moveit/install/moveit_resources_fanuc_description:/home/nick/ws_moveit/install/moveit_planners_stomp:/home/nick/ws_moveit/install/moveit_planners_chomp:/home/nick/ws_moveit/install/chomp_motion_planner:/home/nick/ws_moveit/install/moveit_core:/home/nick/ws_moveit/install/moveit_msgs:/home/nick/ws_moveit/install/moveit_common:/home/nick/ws_moveit/install/kortex_driver:/home/nick/ws_moveit/install/kortex_api:/home/nick/ws_moveit/install/moveit_configs_utils:/opt/ros/humble /usr/bin/cmake --install /home/nick/panda_dof_ws/src/build/six_dof_config
[2.189s] DEBUG:colcon.colcon_core.event_handler.log_command:Invoked command in '/home/nick/panda_dof_ws/src/build/four_dof_config' returned '0': AMENT_PREFIX_PATH=/home/nick/panda_dof_ws/src/install/panda_4dof_moveit_config:${AMENT_PREFIX_PATH} CMAKE_PREFIX_PATH=/home/nick/panda_dof_ws/src/install/panda_4dof_moveit_config:/home/nick/ws_moveit/install/robotiq_hardware_tests:/home/nick/ws_moveit/install/robotiq_driver:/home/nick/ws_moveit/install/serial:/home/nick/ws_moveit/install/moveit2_tutorials:/home/nick/ws_moveit/install/hello_moveit:/home/nick/ws_moveit/install/moveit_visual_tools:/home/nick/ws_moveit/install/rviz_visual_tools:/home/nick/ws_moveit/install/moveit_task_constructor_visualization:/home/nick/ws_moveit/install/moveit_task_constructor_demo:/home/nick/ws_moveit/install/moveit_task_constructor_capabilities:/home/nick/ws_moveit/install/moveit_task_constructor_core:/home/nick/ws_moveit/install/rviz_marker_tools:/home/nick/ws_moveit/install/kortex_bringup:/home/nick/ws_moveit/install/kinova_gen3_lite_moveit_config:/home/nick/ws_moveit/install/kinova_gen3_7dof_robotiq_2f_85_moveit_config:/home/nick/ws_moveit/install/kinova_gen3_6dof_robotiq_2f_85_moveit_config:/home/nick/ws_moveit/install/kortex_description:/home/nick/ws_moveit/install/robotiq_description:/home/nick/ws_moveit/install/robotiq_controllers:/home/nick/ws_moveit/install/pilz_industrial_motion_planner_testutils:/home/nick/ws_moveit/install/moveit_runtime:/home/nick/ws_moveit/install/moveit:/home/nick/ws_moveit/install/moveit_planners:/home/nick/ws_moveit/install/pilz_industrial_motion_planner:/home/nick/ws_moveit/install/moveit_task_constructor_msgs:/home/nick/ws_moveit/install/moveit_ros_control_interface:/home/nick/ws_moveit/install/moveit_plugins:/home/nick/ws_moveit/install/moveit_simple_controller_manager:/home/nick/ws_moveit/install/moveit_setup_assistant:/home/nick/ws_moveit/install/moveit_setup_srdf_plugins:/home/nick/ws_moveit/install/moveit_setup_core_plugins:/home/nick/ws_moveit/install/moveit_setup_controllers:/home/nick/ws_moveit/install/moveit_setup_app_plugins:/home/nick/ws_moveit/install/moveit_setup_framework:/home/nick/ws_moveit/install/moveit_servo:/home/nick/ws_moveit/install/moveit_ros_trajectory_cache:/home/nick/ws_moveit/install/moveit_ros:/home/nick/ws_moveit/install/moveit_ros_visualization:/home/nick/ws_moveit/install/moveit_py:/home/nick/ws_moveit/install/moveit_hybrid_planning:/home/nick/ws_moveit/install/moveit_ros_planning_interface:/home/nick/ws_moveit/install/moveit_ros_benchmarks:/home/nick/ws_moveit/install/moveit_ros_warehouse:/home/nick/ws_moveit/install/moveit_ros_robot_interaction:/home/nick/ws_moveit/install/moveit_ros_perception:/home/nick/ws_moveit/install/moveit_resources_prbt_pg70_support:/home/nick/ws_moveit/install/moveit_resources_prbt_moveit_config:/home/nick/ws_moveit/install/moveit_ros_move_group:/home/nick/ws_moveit/install/moveit_planners_ompl:/home/nick/ws_moveit/install/moveit_kinematics:/home/nick/ws_moveit/install/moveit_ros_planning:/home/nick/ws_moveit/install/moveit_ros_occupancy_map_monitor:/home/nick/ws_moveit/install/moveit_resources_prbt_support:/home/nick/ws_moveit/install/moveit_resources_prbt_ikfast_manipulator_plugin:/home/nick/ws_moveit/install/moveit_resources:/home/nick/ws_moveit/install/moveit_resources_pr2_description:/home/nick/ws_moveit/install/moveit_resources_panda_moveit_config:/home/nick/ws_moveit/install/dual_arm_panda_moveit_config:/home/nick/ws_moveit/install/moveit_resources_panda_description:/home/nick/ws_moveit/install/moveit_resources_fanuc_moveit_config:/home/nick/ws_moveit/install/moveit_resources_fanuc_description:/home/nick/ws_moveit/install/moveit_planners_stomp:/home/nick/ws_moveit/install/moveit_planners_chomp:/home/nick/ws_moveit/install/chomp_motion_planner:/home/nick/ws_moveit/install/moveit_core:/home/nick/ws_moveit/install/moveit_msgs:/home/nick/ws_moveit/install/moveit_common:/home/nick/ws_moveit/install/kortex_driver:/home/nick/ws_moveit/install/kortex_api:/home/nick/ws_moveit/install/moveit_configs_utils:/opt/ros/humble /usr/bin/cmake /home/nick/panda_dof_ws/src/four_dof_config -DCMAKE_INSTALL_PREFIX=/home/nick/panda_dof_ws/src/install/four_dof_config
[2.191s] DEBUG:colcon.colcon_core.event_handler.log_command:Invoking command in '/home/nick/panda_dof_ws/src/build/four_dof_config': AMENT_PREFIX_PATH=/home/nick/panda_dof_ws/src/install/panda_4dof_moveit_config:${AMENT_PREFIX_PATH} CMAKE_PREFIX_PATH=/home/nick/panda_dof_ws/src/install/panda_4dof_moveit_config:/home/nick/ws_moveit/install/robotiq_hardware_tests:/home/nick/ws_moveit/install/robotiq_driver:/home/nick/ws_moveit/install/serial:/home/nick/ws_moveit/install/moveit2_tutorials:/home/nick/ws_moveit/install/hello_moveit:/home/nick/ws_moveit/install/moveit_visual_tools:/home/nick/ws_moveit/install/rviz_visual_tools:/home/nick/ws_moveit/install/moveit_task_constructor_visualization:/home/nick/ws_moveit/install/moveit_task_constructor_demo:/home/nick/ws_moveit/install/moveit_task_constructor_capabilities:/home/nick/ws_moveit/install/moveit_task_constructor_core:/home/nick/ws_moveit/install/rviz_marker_tools:/home/nick/ws_moveit/install/kortex_bringup:/home/nick/ws_moveit/install/kinova_gen3_lite_moveit_config:/home/nick/ws_moveit/install/kinova_gen3_7dof_robotiq_2f_85_moveit_config:/home/nick/ws_moveit/install/kinova_gen3_6dof_robotiq_2f_85_moveit_config:/home/nick/ws_moveit/install/kortex_description:/home/nick/ws_moveit/install/robotiq_description:/home/nick/ws_moveit/install/robotiq_controllers:/home/nick/ws_moveit/install/pilz_industrial_motion_planner_testutils:/home/nick/ws_moveit/install/moveit_runtime:/home/nick/ws_moveit/install/moveit:/home/nick/ws_moveit/install/moveit_planners:/home/nick/ws_moveit/install/pilz_industrial_motion_planner:/home/nick/ws_moveit/install/moveit_task_constructor_msgs:/home/nick/ws_moveit/install/moveit_ros_control_interface:/home/nick/ws_moveit/install/moveit_plugins:/home/nick/ws_moveit/install/moveit_simple_controller_manager:/home/nick/ws_moveit/install/moveit_setup_assistant:/home/nick/ws_moveit/install/moveit_setup_srdf_plugins:/home/nick/ws_moveit/install/moveit_setup_core_plugins:/home/nick/ws_moveit/install/moveit_setup_controllers:/home/nick/ws_moveit/install/moveit_setup_app_plugins:/home/nick/ws_moveit/install/moveit_setup_framework:/home/nick/ws_moveit/install/moveit_servo:/home/nick/ws_moveit/install/moveit_ros_trajectory_cache:/home/nick/ws_moveit/install/moveit_ros:/home/nick/ws_moveit/install/moveit_ros_visualization:/home/nick/ws_moveit/install/moveit_py:/home/nick/ws_moveit/install/moveit_hybrid_planning:/home/nick/ws_moveit/install/moveit_ros_planning_interface:/home/nick/ws_moveit/install/moveit_ros_benchmarks:/home/nick/ws_moveit/install/moveit_ros_warehouse:/home/nick/ws_moveit/install/moveit_ros_robot_interaction:/home/nick/ws_moveit/install/moveit_ros_perception:/home/nick/ws_moveit/install/moveit_resources_prbt_pg70_support:/home/nick/ws_moveit/install/moveit_resources_prbt_moveit_config:/home/nick/ws_moveit/install/moveit_ros_move_group:/home/nick/ws_moveit/install/moveit_planners_ompl:/home/nick/ws_moveit/install/moveit_kinematics:/home/nick/ws_moveit/install/moveit_ros_planning:/home/nick/ws_moveit/install/moveit_ros_occupancy_map_monitor:/home/nick/ws_moveit/install/moveit_resources_prbt_support:/home/nick/ws_moveit/install/moveit_resources_prbt_ikfast_manipulator_plugin:/home/nick/ws_moveit/install/moveit_resources:/home/nick/ws_moveit/install/moveit_resources_pr2_description:/home/nick/ws_moveit/install/moveit_resources_panda_moveit_config:/home/nick/ws_moveit/install/dual_arm_panda_moveit_config:/home/nick/ws_moveit/install/moveit_resources_panda_description:/home/nick/ws_moveit/install/moveit_resources_fanuc_moveit_config:/home/nick/ws_moveit/install/moveit_resources_fanuc_description:/home/nick/ws_moveit/install/moveit_planners_stomp:/home/nick/ws_moveit/install/moveit_planners_chomp:/home/nick/ws_moveit/install/chomp_motion_planner:/home/nick/ws_moveit/install/moveit_core:/home/nick/ws_moveit/install/moveit_msgs:/home/nick/ws_moveit/install/moveit_common:/home/nick/ws_moveit/install/kortex_driver:/home/nick/ws_moveit/install/kortex_api:/home/nick/ws_moveit/install/moveit_configs_utils:/opt/ros/humble /usr/bin/cmake --build /home/nick/panda_dof_ws/src/build/four_dof_config -- -j12 -l12
[2.199s] Level 1:colcon.colcon_core.environment:create_environment_scripts_only(six_dof_config)
[2.200s] Level 1:colcon.colcon_core.environment:checking '/home/nick/panda_dof_ws/src/install/six_dof_config' for CMake module files
[2.200s] DEBUG:colcon.colcon_core.event_handler.log_command:Invoked command in '/home/nick/panda_dof_ws/src/build/six_dof_config' returned '0': AMENT_PREFIX_PATH=/home/nick/panda_dof_ws/src/install/panda_6dof_moveit_config:${AMENT_PREFIX_PATH} CMAKE_PREFIX_PATH=/home/nick/panda_dof_ws/src/install/panda_6dof_moveit_config:/home/nick/ws_moveit/install/robotiq_hardware_tests:/home/nick/ws_moveit/install/robotiq_driver:/home/nick/ws_moveit/install/serial:/home/nick/ws_moveit/install/moveit2_tutorials:/home/nick/ws_moveit/install/hello_moveit:/home/nick/ws_moveit/install/moveit_visual_tools:/home/nick/ws_moveit/install/rviz_visual_tools:/home/nick/ws_moveit/install/moveit_task_constructor_visualization:/home/nick/ws_moveit/install/moveit_task_constructor_demo:/home/nick/ws_moveit/install/moveit_task_constructor_capabilities:/home/nick/ws_moveit/install/moveit_task_constructor_core:/home/nick/ws_moveit/install/rviz_marker_tools:/home/nick/ws_moveit/install/kortex_bringup:/home/nick/ws_moveit/install/kinova_gen3_lite_moveit_config:/home/nick/ws_moveit/install/kinova_gen3_7dof_robotiq_2f_85_moveit_config:/home/nick/ws_moveit/install/kinova_gen3_6dof_robotiq_2f_85_moveit_config:/home/nick/ws_moveit/install/kortex_description:/home/nick/ws_moveit/install/robotiq_description:/home/nick/ws_moveit/install/robotiq_controllers:/home/nick/ws_moveit/install/pilz_industrial_motion_planner_testutils:/home/nick/ws_moveit/install/moveit_runtime:/home/nick/ws_moveit/install/moveit:/home/nick/ws_moveit/install/moveit_planners:/home/nick/ws_moveit/install/pilz_industrial_motion_planner:/home/nick/ws_moveit/install/moveit_task_constructor_msgs:/home/nick/ws_moveit/install/moveit_ros_control_interface:/home/nick/ws_moveit/install/moveit_plugins:/home/nick/ws_moveit/install/moveit_simple_controller_manager:/home/nick/ws_moveit/install/moveit_setup_assistant:/home/nick/ws_moveit/install/moveit_setup_srdf_plugins:/home/nick/ws_moveit/install/moveit_setup_core_plugins:/home/nick/ws_moveit/install/moveit_setup_controllers:/home/nick/ws_moveit/install/moveit_setup_app_plugins:/home/nick/ws_moveit/install/moveit_setup_framework:/home/nick/ws_moveit/install/moveit_servo:/home/nick/ws_moveit/install/moveit_ros_trajectory_cache:/home/nick/ws_moveit/install/moveit_ros:/home/nick/ws_moveit/install/moveit_ros_visualization:/home/nick/ws_moveit/install/moveit_py:/home/nick/ws_moveit/install/moveit_hybrid_planning:/home/nick/ws_moveit/install/moveit_ros_planning_interface:/home/nick/ws_moveit/install/moveit_ros_benchmarks:/home/nick/ws_moveit/install/moveit_ros_warehouse:/home/nick/ws_moveit/install/moveit_ros_robot_interaction:/home/nick/ws_moveit/install/moveit_ros_perception:/home/nick/ws_moveit/install/moveit_resources_prbt_pg70_support:/home/nick/ws_moveit/install/moveit_resources_prbt_moveit_config:/home/nick/ws_moveit/install/moveit_ros_move_group:/home/nick/ws_moveit/install/moveit_planners_ompl:/home/nick/ws_moveit/install/moveit_kinematics:/home/nick/ws_moveit/install/moveit_ros_planning:/home/nick/ws_moveit/install/moveit_ros_occupancy_map_monitor:/home/nick/ws_moveit/install/moveit_resources_prbt_support:/home/nick/ws_moveit/install/moveit_resources_prbt_ikfast_manipulator_plugin:/home/nick/ws_moveit/install/moveit_resources:/home/nick/ws_moveit/install/moveit_resources_pr2_description:/home/nick/ws_moveit/install/moveit_resources_panda_moveit_config:/home/nick/ws_moveit/install/dual_arm_panda_moveit_config:/home/nick/ws_moveit/install/moveit_resources_panda_description:/home/nick/ws_moveit/install/moveit_resources_fanuc_moveit_config:/home/nick/ws_moveit/install/moveit_resources_fanuc_description:/home/nick/ws_moveit/install/moveit_planners_stomp:/home/nick/ws_moveit/install/moveit_planners_chomp:/home/nick/ws_moveit/install/chomp_motion_planner:/home/nick/ws_moveit/install/moveit_core:/home/nick/ws_moveit/install/moveit_msgs:/home/nick/ws_moveit/install/moveit_common:/home/nick/ws_moveit/install/kortex_driver:/home/nick/ws_moveit/install/kortex_api:/home/nick/ws_moveit/install/moveit_configs_utils:/opt/ros/humble /usr/bin/cmake --install /home/nick/panda_dof_ws/src/build/six_dof_config
[2.201s] Level 1:colcon.colcon_core.environment:checking '/home/nick/panda_dof_ws/src/install/six_dof_config' for CMake config files
[2.201s] Level 1:colcon.colcon_core.shell:create_environment_hook('six_dof_config', 'cmake_prefix_path')
[2.202s] INFO:colcon.colcon_core.shell:Creating environment hook '/home/nick/panda_dof_ws/src/install/six_dof_config/share/six_dof_config/hook/cmake_prefix_path.ps1'
[2.202s] INFO:colcon.colcon_core.shell:Creating environment descriptor '/home/nick/panda_dof_ws/src/install/six_dof_config/share/six_dof_config/hook/cmake_prefix_path.dsv'
[2.203s] INFO:colcon.colcon_core.shell:Creating environment hook '/home/nick/panda_dof_ws/src/install/six_dof_config/share/six_dof_config/hook/cmake_prefix_path.sh'
[2.203s] Level 1:colcon.colcon_core.environment:checking '/home/nick/panda_dof_ws/src/install/six_dof_config/bin'
[2.203s] Level 1:colcon.colcon_core.environment:checking '/home/nick/panda_dof_ws/src/install/six_dof_config/lib/pkgconfig/six_dof_config.pc'
[2.204s] Level 1:colcon.colcon_core.environment:checking '/home/nick/panda_dof_ws/src/install/six_dof_config/lib/python3.10/site-packages'
[2.204s] Level 1:colcon.colcon_core.environment:checking '/home/nick/panda_dof_ws/src/install/six_dof_config/bin'
[2.204s] INFO:colcon.colcon_core.shell:Creating package script '/home/nick/panda_dof_ws/src/install/six_dof_config/share/six_dof_config/package.ps1'
[2.205s] INFO:colcon.colcon_core.shell:Creating package descriptor '/home/nick/panda_dof_ws/src/install/six_dof_config/share/six_dof_config/package.dsv'
[2.205s] INFO:colcon.colcon_core.shell:Creating package script '/home/nick/panda_dof_ws/src/install/six_dof_config/share/six_dof_config/package.sh'
[2.206s] INFO:colcon.colcon_core.shell:Creating package script '/home/nick/panda_dof_ws/src/install/six_dof_config/share/six_dof_config/package.bash'
[2.206s] INFO:colcon.colcon_core.shell:Creating package script '/home/nick/panda_dof_ws/src/install/six_dof_config/share/six_dof_config/package.zsh'
[2.206s] Level 1:colcon.colcon_core.environment:create_file_with_runtime_dependencies(/home/nick/panda_dof_ws/src/install/six_dof_config/share/colcon-core/packages/six_dof_config)
[2.206s] Level 1:colcon.colcon_core.environment:create_environment_scripts_only(six_dof_config)
[2.207s] Level 1:colcon.colcon_core.environment:checking '/home/nick/panda_dof_ws/src/install/six_dof_config' for CMake module files
[2.207s] Level 1:colcon.colcon_core.environment:checking '/home/nick/panda_dof_ws/src/install/six_dof_config' for CMake config files
[2.207s] Level 1:colcon.colcon_core.shell:create_environment_hook('six_dof_config', 'cmake_prefix_path')
[2.207s] INFO:colcon.colcon_core.shell:Creating environment hook '/home/nick/panda_dof_ws/src/install/six_dof_config/share/six_dof_config/hook/cmake_prefix_path.ps1'
[2.207s] INFO:colcon.colcon_core.shell:Creating environment descriptor '/home/nick/panda_dof_ws/src/install/six_dof_config/share/six_dof_config/hook/cmake_prefix_path.dsv'
[2.207s] INFO:colcon.colcon_core.shell:Creating environment hook '/home/nick/panda_dof_ws/src/install/six_dof_config/share/six_dof_config/hook/cmake_prefix_path.sh'
[2.208s] Level 1:colcon.colcon_core.environment:checking '/home/nick/panda_dof_ws/src/install/six_dof_config/bin'
[2.208s] Level 1:colcon.colcon_core.environment:checking '/home/nick/panda_dof_ws/src/install/six_dof_config/lib/pkgconfig/six_dof_config.pc'
[2.208s] Level 1:colcon.colcon_core.environment:checking '/home/nick/panda_dof_ws/src/install/six_dof_config/lib/python3.10/site-packages'
[2.208s] Level 1:colcon.colcon_core.environment:checking '/home/nick/panda_dof_ws/src/install/six_dof_config/bin'
[2.208s] INFO:colcon.colcon_core.shell:Creating package script '/home/nick/panda_dof_ws/src/install/six_dof_config/share/six_dof_config/package.ps1'
[2.209s] INFO:colcon.colcon_core.shell:Creating package descriptor '/home/nick/panda_dof_ws/src/install/six_dof_config/share/six_dof_config/package.dsv'
[2.209s] INFO:colcon.colcon_core.shell:Creating package script '/home/nick/panda_dof_ws/src/install/six_dof_config/share/six_dof_config/package.sh'
[2.209s] INFO:colcon.colcon_core.shell:Creating package script '/home/nick/panda_dof_ws/src/install/six_dof_config/share/six_dof_config/package.bash'
[2.209s] INFO:colcon.colcon_core.shell:Creating package script '/home/nick/panda_dof_ws/src/install/six_dof_config/share/six_dof_config/package.zsh'
[2.210s] Level 1:colcon.colcon_core.environment:create_file_with_runtime_dependencies(/home/nick/panda_dof_ws/src/install/six_dof_config/share/colcon-core/packages/six_dof_config)
[2.211s] DEBUG:colcon.colcon_core.event_handler.log_command:Invoked command in '/home/nick/panda_dof_ws/src/build/three_dof_config' returned '0': AMENT_PREFIX_PATH=/home/nick/panda_dof_ws/src/install/panda_3dof_moveit_config:${AMENT_PREFIX_PATH} CMAKE_PREFIX_PATH=/home/nick/panda_dof_ws/src/install/panda_3dof_moveit_config:/home/nick/ws_moveit/install/robotiq_hardware_tests:/home/nick/ws_moveit/install/robotiq_driver:/home/nick/ws_moveit/install/serial:/home/nick/ws_moveit/install/moveit2_tutorials:/home/nick/ws_moveit/install/hello_moveit:/home/nick/ws_moveit/install/moveit_visual_tools:/home/nick/ws_moveit/install/rviz_visual_tools:/home/nick/ws_moveit/install/moveit_task_constructor_visualization:/home/nick/ws_moveit/install/moveit_task_constructor_demo:/home/nick/ws_moveit/install/moveit_task_constructor_capabilities:/home/nick/ws_moveit/install/moveit_task_constructor_core:/home/nick/ws_moveit/install/rviz_marker_tools:/home/nick/ws_moveit/install/kortex_bringup:/home/nick/ws_moveit/install/kinova_gen3_lite_moveit_config:/home/nick/ws_moveit/install/kinova_gen3_7dof_robotiq_2f_85_moveit_config:/home/nick/ws_moveit/install/kinova_gen3_6dof_robotiq_2f_85_moveit_config:/home/nick/ws_moveit/install/kortex_description:/home/nick/ws_moveit/install/robotiq_description:/home/nick/ws_moveit/install/robotiq_controllers:/home/nick/ws_moveit/install/pilz_industrial_motion_planner_testutils:/home/nick/ws_moveit/install/moveit_runtime:/home/nick/ws_moveit/install/moveit:/home/nick/ws_moveit/install/moveit_planners:/home/nick/ws_moveit/install/pilz_industrial_motion_planner:/home/nick/ws_moveit/install/moveit_task_constructor_msgs:/home/nick/ws_moveit/install/moveit_ros_control_interface:/home/nick/ws_moveit/install/moveit_plugins:/home/nick/ws_moveit/install/moveit_simple_controller_manager:/home/nick/ws_moveit/install/moveit_setup_assistant:/home/nick/ws_moveit/install/moveit_setup_srdf_plugins:/home/nick/ws_moveit/install/moveit_setup_core_plugins:/home/nick/ws_moveit/install/moveit_setup_controllers:/home/nick/ws_moveit/install/moveit_setup_app_plugins:/home/nick/ws_moveit/install/moveit_setup_framework:/home/nick/ws_moveit/install/moveit_servo:/home/nick/ws_moveit/install/moveit_ros_trajectory_cache:/home/nick/ws_moveit/install/moveit_ros:/home/nick/ws_moveit/install/moveit_ros_visualization:/home/nick/ws_moveit/install/moveit_py:/home/nick/ws_moveit/install/moveit_hybrid_planning:/home/nick/ws_moveit/install/moveit_ros_planning_interface:/home/nick/ws_moveit/install/moveit_ros_benchmarks:/home/nick/ws_moveit/install/moveit_ros_warehouse:/home/nick/ws_moveit/install/moveit_ros_robot_interaction:/home/nick/ws_moveit/install/moveit_ros_perception:/home/nick/ws_moveit/install/moveit_resources_prbt_pg70_support:/home/nick/ws_moveit/install/moveit_resources_prbt_moveit_config:/home/nick/ws_moveit/install/moveit_ros_move_group:/home/nick/ws_moveit/install/moveit_planners_ompl:/home/nick/ws_moveit/install/moveit_kinematics:/home/nick/ws_moveit/install/moveit_ros_planning:/home/nick/ws_moveit/install/moveit_ros_occupancy_map_monitor:/home/nick/ws_moveit/install/moveit_resources_prbt_support:/home/nick/ws_moveit/install/moveit_resources_prbt_ikfast_manipulator_plugin:/home/nick/ws_moveit/install/moveit_resources:/home/nick/ws_moveit/install/moveit_resources_pr2_description:/home/nick/ws_moveit/install/moveit_resources_panda_moveit_config:/home/nick/ws_moveit/install/dual_arm_panda_moveit_config:/home/nick/ws_moveit/install/moveit_resources_panda_description:/home/nick/ws_moveit/install/moveit_resources_fanuc_moveit_config:/home/nick/ws_moveit/install/moveit_resources_fanuc_description:/home/nick/ws_moveit/install/moveit_planners_stomp:/home/nick/ws_moveit/install/moveit_planners_chomp:/home/nick/ws_moveit/install/chomp_motion_planner:/home/nick/ws_moveit/install/moveit_core:/home/nick/ws_moveit/install/moveit_msgs:/home/nick/ws_moveit/install/moveit_common:/home/nick/ws_moveit/install/kortex_driver:/home/nick/ws_moveit/install/kortex_api:/home/nick/ws_moveit/install/moveit_configs_utils:/opt/ros/humble /usr/bin/cmake --build /home/nick/panda_dof_ws/src/build/three_dof_config -- -j12 -l12
[2.212s] DEBUG:colcon.colcon_core.event_handler.log_command:Invoking command in '/home/nick/panda_dof_ws/src/build/three_dof_config': AMENT_PREFIX_PATH=/home/nick/panda_dof_ws/src/install/panda_3dof_moveit_config:${AMENT_PREFIX_PATH} CMAKE_PREFIX_PATH=/home/nick/panda_dof_ws/src/install/panda_3dof_moveit_config:/home/nick/ws_moveit/install/robotiq_hardware_tests:/home/nick/ws_moveit/install/robotiq_driver:/home/nick/ws_moveit/install/serial:/home/nick/ws_moveit/install/moveit2_tutorials:/home/nick/ws_moveit/install/hello_moveit:/home/nick/ws_moveit/install/moveit_visual_tools:/home/nick/ws_moveit/install/rviz_visual_tools:/home/nick/ws_moveit/install/moveit_task_constructor_visualization:/home/nick/ws_moveit/install/moveit_task_constructor_demo:/home/nick/ws_moveit/install/moveit_task_constructor_capabilities:/home/nick/ws_moveit/install/moveit_task_constructor_core:/home/nick/ws_moveit/install/rviz_marker_tools:/home/nick/ws_moveit/install/kortex_bringup:/home/nick/ws_moveit/install/kinova_gen3_lite_moveit_config:/home/nick/ws_moveit/install/kinova_gen3_7dof_robotiq_2f_85_moveit_config:/home/nick/ws_moveit/install/kinova_gen3_6dof_robotiq_2f_85_moveit_config:/home/nick/ws_moveit/install/kortex_description:/home/nick/ws_moveit/install/robotiq_description:/home/nick/ws_moveit/install/robotiq_controllers:/home/nick/ws_moveit/install/pilz_industrial_motion_planner_testutils:/home/nick/ws_moveit/install/moveit_runtime:/home/nick/ws_moveit/install/moveit:/home/nick/ws_moveit/install/moveit_planners:/home/nick/ws_moveit/install/pilz_industrial_motion_planner:/home/nick/ws_moveit/install/moveit_task_constructor_msgs:/home/nick/ws_moveit/install/moveit_ros_control_interface:/home/nick/ws_moveit/install/moveit_plugins:/home/nick/ws_moveit/install/moveit_simple_controller_manager:/home/nick/ws_moveit/install/moveit_setup_assistant:/home/nick/ws_moveit/install/moveit_setup_srdf_plugins:/home/nick/ws_moveit/install/moveit_setup_core_plugins:/home/nick/ws_moveit/install/moveit_setup_controllers:/home/nick/ws_moveit/install/moveit_setup_app_plugins:/home/nick/ws_moveit/install/moveit_setup_framework:/home/nick/ws_moveit/install/moveit_servo:/home/nick/ws_moveit/install/moveit_ros_trajectory_cache:/home/nick/ws_moveit/install/moveit_ros:/home/nick/ws_moveit/install/moveit_ros_visualization:/home/nick/ws_moveit/install/moveit_py:/home/nick/ws_moveit/install/moveit_hybrid_planning:/home/nick/ws_moveit/install/moveit_ros_planning_interface:/home/nick/ws_moveit/install/moveit_ros_benchmarks:/home/nick/ws_moveit/install/moveit_ros_warehouse:/home/nick/ws_moveit/install/moveit_ros_robot_interaction:/home/nick/ws_moveit/install/moveit_ros_perception:/home/nick/ws_moveit/install/moveit_resources_prbt_pg70_support:/home/nick/ws_moveit/install/moveit_resources_prbt_moveit_config:/home/nick/ws_moveit/install/moveit_ros_move_group:/home/nick/ws_moveit/install/moveit_planners_ompl:/home/nick/ws_moveit/install/moveit_kinematics:/home/nick/ws_moveit/install/moveit_ros_planning:/home/nick/ws_moveit/install/moveit_ros_occupancy_map_monitor:/home/nick/ws_moveit/install/moveit_resources_prbt_support:/home/nick/ws_moveit/install/moveit_resources_prbt_ikfast_manipulator_plugin:/home/nick/ws_moveit/install/moveit_resources:/home/nick/ws_moveit/install/moveit_resources_pr2_description:/home/nick/ws_moveit/install/moveit_resources_panda_moveit_config:/home/nick/ws_moveit/install/dual_arm_panda_moveit_config:/home/nick/ws_moveit/install/moveit_resources_panda_description:/home/nick/ws_moveit/install/moveit_resources_fanuc_moveit_config:/home/nick/ws_moveit/install/moveit_resources_fanuc_description:/home/nick/ws_moveit/install/moveit_planners_stomp:/home/nick/ws_moveit/install/moveit_planners_chomp:/home/nick/ws_moveit/install/chomp_motion_planner:/home/nick/ws_moveit/install/moveit_core:/home/nick/ws_moveit/install/moveit_msgs:/home/nick/ws_moveit/install/moveit_common:/home/nick/ws_moveit/install/kortex_driver:/home/nick/ws_moveit/install/kortex_api:/home/nick/ws_moveit/install/moveit_configs_utils:/opt/ros/humble /usr/bin/cmake --install /home/nick/panda_dof_ws/src/build/three_dof_config
[2.214s] DEBUG:colcon.colcon_core.event_handler.log_command:Invoked command in '/home/nick/panda_dof_ws/src/build/two_dof_config' returned '0': AMENT_PREFIX_PATH=/home/nick/panda_dof_ws/src/install/panda_2dof_moveit_config:${AMENT_PREFIX_PATH} CMAKE_PREFIX_PATH=/home/nick/panda_dof_ws/src/install/panda_2dof_moveit_config:/home/nick/ws_moveit/install/robotiq_hardware_tests:/home/nick/ws_moveit/install/robotiq_driver:/home/nick/ws_moveit/install/serial:/home/nick/ws_moveit/install/moveit2_tutorials:/home/nick/ws_moveit/install/hello_moveit:/home/nick/ws_moveit/install/moveit_visual_tools:/home/nick/ws_moveit/install/rviz_visual_tools:/home/nick/ws_moveit/install/moveit_task_constructor_visualization:/home/nick/ws_moveit/install/moveit_task_constructor_demo:/home/nick/ws_moveit/install/moveit_task_constructor_capabilities:/home/nick/ws_moveit/install/moveit_task_constructor_core:/home/nick/ws_moveit/install/rviz_marker_tools:/home/nick/ws_moveit/install/kortex_bringup:/home/nick/ws_moveit/install/kinova_gen3_lite_moveit_config:/home/nick/ws_moveit/install/kinova_gen3_7dof_robotiq_2f_85_moveit_config:/home/nick/ws_moveit/install/kinova_gen3_6dof_robotiq_2f_85_moveit_config:/home/nick/ws_moveit/install/kortex_description:/home/nick/ws_moveit/install/robotiq_description:/home/nick/ws_moveit/install/robotiq_controllers:/home/nick/ws_moveit/install/pilz_industrial_motion_planner_testutils:/home/nick/ws_moveit/install/moveit_runtime:/home/nick/ws_moveit/install/moveit:/home/nick/ws_moveit/install/moveit_planners:/home/nick/ws_moveit/install/pilz_industrial_motion_planner:/home/nick/ws_moveit/install/moveit_task_constructor_msgs:/home/nick/ws_moveit/install/moveit_ros_control_interface:/home/nick/ws_moveit/install/moveit_plugins:/home/nick/ws_moveit/install/moveit_simple_controller_manager:/home/nick/ws_moveit/install/moveit_setup_assistant:/home/nick/ws_moveit/install/moveit_setup_srdf_plugins:/home/nick/ws_moveit/install/moveit_setup_core_plugins:/home/nick/ws_moveit/install/moveit_setup_controllers:/home/nick/ws_moveit/install/moveit_setup_app_plugins:/home/nick/ws_moveit/install/moveit_setup_framework:/home/nick/ws_moveit/install/moveit_servo:/home/nick/ws_moveit/install/moveit_ros_trajectory_cache:/home/nick/ws_moveit/install/moveit_ros:/home/nick/ws_moveit/install/moveit_ros_visualization:/home/nick/ws_moveit/install/moveit_py:/home/nick/ws_moveit/install/moveit_hybrid_planning:/home/nick/ws_moveit/install/moveit_ros_planning_interface:/home/nick/ws_moveit/install/moveit_ros_benchmarks:/home/nick/ws_moveit/install/moveit_ros_warehouse:/home/nick/ws_moveit/install/moveit_ros_robot_interaction:/home/nick/ws_moveit/install/moveit_ros_perception:/home/nick/ws_moveit/install/moveit_resources_prbt_pg70_support:/home/nick/ws_moveit/install/moveit_resources_prbt_moveit_config:/home/nick/ws_moveit/install/moveit_ros_move_group:/home/nick/ws_moveit/install/moveit_planners_ompl:/home/nick/ws_moveit/install/moveit_kinematics:/home/nick/ws_moveit/install/moveit_ros_planning:/home/nick/ws_moveit/install/moveit_ros_occupancy_map_monitor:/home/nick/ws_moveit/install/moveit_resources_prbt_support:/home/nick/ws_moveit/install/moveit_resources_prbt_ikfast_manipulator_plugin:/home/nick/ws_moveit/install/moveit_resources:/home/nick/ws_moveit/install/moveit_resources_pr2_description:/home/nick/ws_moveit/install/moveit_resources_panda_moveit_config:/home/nick/ws_moveit/install/dual_arm_panda_moveit_config:/home/nick/ws_moveit/install/moveit_resources_panda_description:/home/nick/ws_moveit/install/moveit_resources_fanuc_moveit_config:/home/nick/ws_moveit/install/moveit_resources_fanuc_description:/home/nick/ws_moveit/install/moveit_planners_stomp:/home/nick/ws_moveit/install/moveit_planners_chomp:/home/nick/ws_moveit/install/chomp_motion_planner:/home/nick/ws_moveit/install/moveit_core:/home/nick/ws_moveit/install/moveit_msgs:/home/nick/ws_moveit/install/moveit_common:/home/nick/ws_moveit/install/kortex_driver:/home/nick/ws_moveit/install/kortex_api:/home/nick/ws_moveit/install/moveit_configs_utils:/opt/ros/humble /usr/bin/cmake /home/nick/panda_dof_ws/src/two_dof_config -DCMAKE_INSTALL_PREFIX=/home/nick/panda_dof_ws/src/install/two_dof_config
[2.215s] DEBUG:colcon.colcon_core.event_handler.log_command:Invoking command in '/home/nick/panda_dof_ws/src/build/two_dof_config': AMENT_PREFIX_PATH=/home/nick/panda_dof_ws/src/install/panda_2dof_moveit_config:${AMENT_PREFIX_PATH} CMAKE_PREFIX_PATH=/home/nick/panda_dof_ws/src/install/panda_2dof_moveit_config:/home/nick/ws_moveit/install/robotiq_hardware_tests:/home/nick/ws_moveit/install/robotiq_driver:/home/nick/ws_moveit/install/serial:/home/nick/ws_moveit/install/moveit2_tutorials:/home/nick/ws_moveit/install/hello_moveit:/home/nick/ws_moveit/install/moveit_visual_tools:/home/nick/ws_moveit/install/rviz_visual_tools:/home/nick/ws_moveit/install/moveit_task_constructor_visualization:/home/nick/ws_moveit/install/moveit_task_constructor_demo:/home/nick/ws_moveit/install/moveit_task_constructor_capabilities:/home/nick/ws_moveit/install/moveit_task_constructor_core:/home/nick/ws_moveit/install/rviz_marker_tools:/home/nick/ws_moveit/install/kortex_bringup:/home/nick/ws_moveit/install/kinova_gen3_lite_moveit_config:/home/nick/ws_moveit/install/kinova_gen3_7dof_robotiq_2f_85_moveit_config:/home/nick/ws_moveit/install/kinova_gen3_6dof_robotiq_2f_85_moveit_config:/home/nick/ws_moveit/install/kortex_description:/home/nick/ws_moveit/install/robotiq_description:/home/nick/ws_moveit/install/robotiq_controllers:/home/nick/ws_moveit/install/pilz_industrial_motion_planner_testutils:/home/nick/ws_moveit/install/moveit_runtime:/home/nick/ws_moveit/install/moveit:/home/nick/ws_moveit/install/moveit_planners:/home/nick/ws_moveit/install/pilz_industrial_motion_planner:/home/nick/ws_moveit/install/moveit_task_constructor_msgs:/home/nick/ws_moveit/install/moveit_ros_control_interface:/home/nick/ws_moveit/install/moveit_plugins:/home/nick/ws_moveit/install/moveit_simple_controller_manager:/home/nick/ws_moveit/install/moveit_setup_assistant:/home/nick/ws_moveit/install/moveit_setup_srdf_plugins:/home/nick/ws_moveit/install/moveit_setup_core_plugins:/home/nick/ws_moveit/install/moveit_setup_controllers:/home/nick/ws_moveit/install/moveit_setup_app_plugins:/home/nick/ws_moveit/install/moveit_setup_framework:/home/nick/ws_moveit/install/moveit_servo:/home/nick/ws_moveit/install/moveit_ros_trajectory_cache:/home/nick/ws_moveit/install/moveit_ros:/home/nick/ws_moveit/install/moveit_ros_visualization:/home/nick/ws_moveit/install/moveit_py:/home/nick/ws_moveit/install/moveit_hybrid_planning:/home/nick/ws_moveit/install/moveit_ros_planning_interface:/home/nick/ws_moveit/install/moveit_ros_benchmarks:/home/nick/ws_moveit/install/moveit_ros_warehouse:/home/nick/ws_moveit/install/moveit_ros_robot_interaction:/home/nick/ws_moveit/install/moveit_ros_perception:/home/nick/ws_moveit/install/moveit_resources_prbt_pg70_support:/home/nick/ws_moveit/install/moveit_resources_prbt_moveit_config:/home/nick/ws_moveit/install/moveit_ros_move_group:/home/nick/ws_moveit/install/moveit_planners_ompl:/home/nick/ws_moveit/install/moveit_kinematics:/home/nick/ws_moveit/install/moveit_ros_planning:/home/nick/ws_moveit/install/moveit_ros_occupancy_map_monitor:/home/nick/ws_moveit/install/moveit_resources_prbt_support:/home/nick/ws_moveit/install/moveit_resources_prbt_ikfast_manipulator_plugin:/home/nick/ws_moveit/install/moveit_resources:/home/nick/ws_moveit/install/moveit_resources_pr2_description:/home/nick/ws_moveit/install/moveit_resources_panda_moveit_config:/home/nick/ws_moveit/install/dual_arm_panda_moveit_config:/home/nick/ws_moveit/install/moveit_resources_panda_description:/home/nick/ws_moveit/install/moveit_resources_fanuc_moveit_config:/home/nick/ws_moveit/install/moveit_resources_fanuc_description:/home/nick/ws_moveit/install/moveit_planners_stomp:/home/nick/ws_moveit/install/moveit_planners_chomp:/home/nick/ws_moveit/install/chomp_motion_planner:/home/nick/ws_moveit/install/moveit_core:/home/nick/ws_moveit/install/moveit_msgs:/home/nick/ws_moveit/install/moveit_common:/home/nick/ws_moveit/install/kortex_driver:/home/nick/ws_moveit/install/kortex_api:/home/nick/ws_moveit/install/moveit_configs_utils:/opt/ros/humble /usr/bin/cmake --build /home/nick/panda_dof_ws/src/build/two_dof_config -- -j12 -l12
[2.216s] DEBUG:colcon.colcon_core.event_handler.log_command:Invoked command in '/home/nick/panda_dof_ws/src/build/one_dof_config' returned '0': AMENT_PREFIX_PATH=/home/nick/panda_dof_ws/src/install/panda_1dof_moveit_config:${AMENT_PREFIX_PATH} CMAKE_PREFIX_PATH=/home/nick/panda_dof_ws/src/install/panda_1dof_moveit_config:/home/nick/ws_moveit/install/robotiq_hardware_tests:/home/nick/ws_moveit/install/robotiq_driver:/home/nick/ws_moveit/install/serial:/home/nick/ws_moveit/install/moveit2_tutorials:/home/nick/ws_moveit/install/hello_moveit:/home/nick/ws_moveit/install/moveit_visual_tools:/home/nick/ws_moveit/install/rviz_visual_tools:/home/nick/ws_moveit/install/moveit_task_constructor_visualization:/home/nick/ws_moveit/install/moveit_task_constructor_demo:/home/nick/ws_moveit/install/moveit_task_constructor_capabilities:/home/nick/ws_moveit/install/moveit_task_constructor_core:/home/nick/ws_moveit/install/rviz_marker_tools:/home/nick/ws_moveit/install/kortex_bringup:/home/nick/ws_moveit/install/kinova_gen3_lite_moveit_config:/home/nick/ws_moveit/install/kinova_gen3_7dof_robotiq_2f_85_moveit_config:/home/nick/ws_moveit/install/kinova_gen3_6dof_robotiq_2f_85_moveit_config:/home/nick/ws_moveit/install/kortex_description:/home/nick/ws_moveit/install/robotiq_description:/home/nick/ws_moveit/install/robotiq_controllers:/home/nick/ws_moveit/install/pilz_industrial_motion_planner_testutils:/home/nick/ws_moveit/install/moveit_runtime:/home/nick/ws_moveit/install/moveit:/home/nick/ws_moveit/install/moveit_planners:/home/nick/ws_moveit/install/pilz_industrial_motion_planner:/home/nick/ws_moveit/install/moveit_task_constructor_msgs:/home/nick/ws_moveit/install/moveit_ros_control_interface:/home/nick/ws_moveit/install/moveit_plugins:/home/nick/ws_moveit/install/moveit_simple_controller_manager:/home/nick/ws_moveit/install/moveit_setup_assistant:/home/nick/ws_moveit/install/moveit_setup_srdf_plugins:/home/nick/ws_moveit/install/moveit_setup_core_plugins:/home/nick/ws_moveit/install/moveit_setup_controllers:/home/nick/ws_moveit/install/moveit_setup_app_plugins:/home/nick/ws_moveit/install/moveit_setup_framework:/home/nick/ws_moveit/install/moveit_servo:/home/nick/ws_moveit/install/moveit_ros_trajectory_cache:/home/nick/ws_moveit/install/moveit_ros:/home/nick/ws_moveit/install/moveit_ros_visualization:/home/nick/ws_moveit/install/moveit_py:/home/nick/ws_moveit/install/moveit_hybrid_planning:/home/nick/ws_moveit/install/moveit_ros_planning_interface:/home/nick/ws_moveit/install/moveit_ros_benchmarks:/home/nick/ws_moveit/install/moveit_ros_warehouse:/home/nick/ws_moveit/install/moveit_ros_robot_interaction:/home/nick/ws_moveit/install/moveit_ros_perception:/home/nick/ws_moveit/install/moveit_resources_prbt_pg70_support:/home/nick/ws_moveit/install/moveit_resources_prbt_moveit_config:/home/nick/ws_moveit/install/moveit_ros_move_group:/home/nick/ws_moveit/install/moveit_planners_ompl:/home/nick/ws_moveit/install/moveit_kinematics:/home/nick/ws_moveit/install/moveit_ros_planning:/home/nick/ws_moveit/install/moveit_ros_occupancy_map_monitor:/home/nick/ws_moveit/install/moveit_resources_prbt_support:/home/nick/ws_moveit/install/moveit_resources_prbt_ikfast_manipulator_plugin:/home/nick/ws_moveit/install/moveit_resources:/home/nick/ws_moveit/install/moveit_resources_pr2_description:/home/nick/ws_moveit/install/moveit_resources_panda_moveit_config:/home/nick/ws_moveit/install/dual_arm_panda_moveit_config:/home/nick/ws_moveit/install/moveit_resources_panda_description:/home/nick/ws_moveit/install/moveit_resources_fanuc_moveit_config:/home/nick/ws_moveit/install/moveit_resources_fanuc_description:/home/nick/ws_moveit/install/moveit_planners_stomp:/home/nick/ws_moveit/install/moveit_planners_chomp:/home/nick/ws_moveit/install/chomp_motion_planner:/home/nick/ws_moveit/install/moveit_core:/home/nick/ws_moveit/install/moveit_msgs:/home/nick/ws_moveit/install/moveit_common:/home/nick/ws_moveit/install/kortex_driver:/home/nick/ws_moveit/install/kortex_api:/home/nick/ws_moveit/install/moveit_configs_utils:/opt/ros/humble /usr/bin/cmake /home/nick/panda_dof_ws/src/one_dof_config -DCMAKE_INSTALL_PREFIX=/home/nick/panda_dof_ws/src/install/one_dof_config
[2.217s] DEBUG:colcon.colcon_core.event_handler.log_command:Invoking command in '/home/nick/panda_dof_ws/src/build/one_dof_config': AMENT_PREFIX_PATH=/home/nick/panda_dof_ws/src/install/panda_1dof_moveit_config:${AMENT_PREFIX_PATH} CMAKE_PREFIX_PATH=/home/nick/panda_dof_ws/src/install/panda_1dof_moveit_config:/home/nick/ws_moveit/install/robotiq_hardware_tests:/home/nick/ws_moveit/install/robotiq_driver:/home/nick/ws_moveit/install/serial:/home/nick/ws_moveit/install/moveit2_tutorials:/home/nick/ws_moveit/install/hello_moveit:/home/nick/ws_moveit/install/moveit_visual_tools:/home/nick/ws_moveit/install/rviz_visual_tools:/home/nick/ws_moveit/install/moveit_task_constructor_visualization:/home/nick/ws_moveit/install/moveit_task_constructor_demo:/home/nick/ws_moveit/install/moveit_task_constructor_capabilities:/home/nick/ws_moveit/install/moveit_task_constructor_core:/home/nick/ws_moveit/install/rviz_marker_tools:/home/nick/ws_moveit/install/kortex_bringup:/home/nick/ws_moveit/install/kinova_gen3_lite_moveit_config:/home/nick/ws_moveit/install/kinova_gen3_7dof_robotiq_2f_85_moveit_config:/home/nick/ws_moveit/install/kinova_gen3_6dof_robotiq_2f_85_moveit_config:/home/nick/ws_moveit/install/kortex_description:/home/nick/ws_moveit/install/robotiq_description:/home/nick/ws_moveit/install/robotiq_controllers:/home/nick/ws_moveit/install/pilz_industrial_motion_planner_testutils:/home/nick/ws_moveit/install/moveit_runtime:/home/nick/ws_moveit/install/moveit:/home/nick/ws_moveit/install/moveit_planners:/home/nick/ws_moveit/install/pilz_industrial_motion_planner:/home/nick/ws_moveit/install/moveit_task_constructor_msgs:/home/nick/ws_moveit/install/moveit_ros_control_interface:/home/nick/ws_moveit/install/moveit_plugins:/home/nick/ws_moveit/install/moveit_simple_controller_manager:/home/nick/ws_moveit/install/moveit_setup_assistant:/home/nick/ws_moveit/install/moveit_setup_srdf_plugins:/home/nick/ws_moveit/install/moveit_setup_core_plugins:/home/nick/ws_moveit/install/moveit_setup_controllers:/home/nick/ws_moveit/install/moveit_setup_app_plugins:/home/nick/ws_moveit/install/moveit_setup_framework:/home/nick/ws_moveit/install/moveit_servo:/home/nick/ws_moveit/install/moveit_ros_trajectory_cache:/home/nick/ws_moveit/install/moveit_ros:/home/nick/ws_moveit/install/moveit_ros_visualization:/home/nick/ws_moveit/install/moveit_py:/home/nick/ws_moveit/install/moveit_hybrid_planning:/home/nick/ws_moveit/install/moveit_ros_planning_interface:/home/nick/ws_moveit/install/moveit_ros_benchmarks:/home/nick/ws_moveit/install/moveit_ros_warehouse:/home/nick/ws_moveit/install/moveit_ros_robot_interaction:/home/nick/ws_moveit/install/moveit_ros_perception:/home/nick/ws_moveit/install/moveit_resources_prbt_pg70_support:/home/nick/ws_moveit/install/moveit_resources_prbt_moveit_config:/home/nick/ws_moveit/install/moveit_ros_move_group:/home/nick/ws_moveit/install/moveit_planners_ompl:/home/nick/ws_moveit/install/moveit_kinematics:/home/nick/ws_moveit/install/moveit_ros_planning:/home/nick/ws_moveit/install/moveit_ros_occupancy_map_monitor:/home/nick/ws_moveit/install/moveit_resources_prbt_support:/home/nick/ws_moveit/install/moveit_resources_prbt_ikfast_manipulator_plugin:/home/nick/ws_moveit/install/moveit_resources:/home/nick/ws_moveit/install/moveit_resources_pr2_description:/home/nick/ws_moveit/install/moveit_resources_panda_moveit_config:/home/nick/ws_moveit/install/dual_arm_panda_moveit_config:/home/nick/ws_moveit/install/moveit_resources_panda_description:/home/nick/ws_moveit/install/moveit_resources_fanuc_moveit_config:/home/nick/ws_moveit/install/moveit_resources_fanuc_description:/home/nick/ws_moveit/install/moveit_planners_stomp:/home/nick/ws_moveit/install/moveit_planners_chomp:/home/nick/ws_moveit/install/chomp_motion_planner:/home/nick/ws_moveit/install/moveit_core:/home/nick/ws_moveit/install/moveit_msgs:/home/nick/ws_moveit/install/moveit_common:/home/nick/ws_moveit/install/kortex_driver:/home/nick/ws_moveit/install/kortex_api:/home/nick/ws_moveit/install/moveit_configs_utils:/opt/ros/humble /usr/bin/cmake --build /home/nick/panda_dof_ws/src/build/one_dof_config -- -j12 -l12
[2.229s] Level 1:colcon.colcon_core.environment:create_environment_scripts_only(three_dof_config)
[2.229s] Level 1:colcon.colcon_core.environment:checking '/home/nick/panda_dof_ws/src/install/three_dof_config' for CMake module files
[2.230s] DEBUG:colcon.colcon_core.event_handler.log_command:Invoked command in '/home/nick/panda_dof_ws/src/build/three_dof_config' returned '0': AMENT_PREFIX_PATH=/home/nick/panda_dof_ws/src/install/panda_3dof_moveit_config:${AMENT_PREFIX_PATH} CMAKE_PREFIX_PATH=/home/nick/panda_dof_ws/src/install/panda_3dof_moveit_config:/home/nick/ws_moveit/install/robotiq_hardware_tests:/home/nick/ws_moveit/install/robotiq_driver:/home/nick/ws_moveit/install/serial:/home/nick/ws_moveit/install/moveit2_tutorials:/home/nick/ws_moveit/install/hello_moveit:/home/nick/ws_moveit/install/moveit_visual_tools:/home/nick/ws_moveit/install/rviz_visual_tools:/home/nick/ws_moveit/install/moveit_task_constructor_visualization:/home/nick/ws_moveit/install/moveit_task_constructor_demo:/home/nick/ws_moveit/install/moveit_task_constructor_capabilities:/home/nick/ws_moveit/install/moveit_task_constructor_core:/home/nick/ws_moveit/install/rviz_marker_tools:/home/nick/ws_moveit/install/kortex_bringup:/home/nick/ws_moveit/install/kinova_gen3_lite_moveit_config:/home/nick/ws_moveit/install/kinova_gen3_7dof_robotiq_2f_85_moveit_config:/home/nick/ws_moveit/install/kinova_gen3_6dof_robotiq_2f_85_moveit_config:/home/nick/ws_moveit/install/kortex_description:/home/nick/ws_moveit/install/robotiq_description:/home/nick/ws_moveit/install/robotiq_controllers:/home/nick/ws_moveit/install/pilz_industrial_motion_planner_testutils:/home/nick/ws_moveit/install/moveit_runtime:/home/nick/ws_moveit/install/moveit:/home/nick/ws_moveit/install/moveit_planners:/home/nick/ws_moveit/install/pilz_industrial_motion_planner:/home/nick/ws_moveit/install/moveit_task_constructor_msgs:/home/nick/ws_moveit/install/moveit_ros_control_interface:/home/nick/ws_moveit/install/moveit_plugins:/home/nick/ws_moveit/install/moveit_simple_controller_manager:/home/nick/ws_moveit/install/moveit_setup_assistant:/home/nick/ws_moveit/install/moveit_setup_srdf_plugins:/home/nick/ws_moveit/install/moveit_setup_core_plugins:/home/nick/ws_moveit/install/moveit_setup_controllers:/home/nick/ws_moveit/install/moveit_setup_app_plugins:/home/nick/ws_moveit/install/moveit_setup_framework:/home/nick/ws_moveit/install/moveit_servo:/home/nick/ws_moveit/install/moveit_ros_trajectory_cache:/home/nick/ws_moveit/install/moveit_ros:/home/nick/ws_moveit/install/moveit_ros_visualization:/home/nick/ws_moveit/install/moveit_py:/home/nick/ws_moveit/install/moveit_hybrid_planning:/home/nick/ws_moveit/install/moveit_ros_planning_interface:/home/nick/ws_moveit/install/moveit_ros_benchmarks:/home/nick/ws_moveit/install/moveit_ros_warehouse:/home/nick/ws_moveit/install/moveit_ros_robot_interaction:/home/nick/ws_moveit/install/moveit_ros_perception:/home/nick/ws_moveit/install/moveit_resources_prbt_pg70_support:/home/nick/ws_moveit/install/moveit_resources_prbt_moveit_config:/home/nick/ws_moveit/install/moveit_ros_move_group:/home/nick/ws_moveit/install/moveit_planners_ompl:/home/nick/ws_moveit/install/moveit_kinematics:/home/nick/ws_moveit/install/moveit_ros_planning:/home/nick/ws_moveit/install/moveit_ros_occupancy_map_monitor:/home/nick/ws_moveit/install/moveit_resources_prbt_support:/home/nick/ws_moveit/install/moveit_resources_prbt_ikfast_manipulator_plugin:/home/nick/ws_moveit/install/moveit_resources:/home/nick/ws_moveit/install/moveit_resources_pr2_description:/home/nick/ws_moveit/install/moveit_resources_panda_moveit_config:/home/nick/ws_moveit/install/dual_arm_panda_moveit_config:/home/nick/ws_moveit/install/moveit_resources_panda_description:/home/nick/ws_moveit/install/moveit_resources_fanuc_moveit_config:/home/nick/ws_moveit/install/moveit_resources_fanuc_description:/home/nick/ws_moveit/install/moveit_planners_stomp:/home/nick/ws_moveit/install/moveit_planners_chomp:/home/nick/ws_moveit/install/chomp_motion_planner:/home/nick/ws_moveit/install/moveit_core:/home/nick/ws_moveit/install/moveit_msgs:/home/nick/ws_moveit/install/moveit_common:/home/nick/ws_moveit/install/kortex_driver:/home/nick/ws_moveit/install/kortex_api:/home/nick/ws_moveit/install/moveit_configs_utils:/opt/ros/humble /usr/bin/cmake --install /home/nick/panda_dof_ws/src/build/three_dof_config
[2.230s] Level 1:colcon.colcon_core.environment:checking '/home/nick/panda_dof_ws/src/install/three_dof_config' for CMake config files
[2.231s] Level 1:colcon.colcon_core.shell:create_environment_hook('three_dof_config', 'cmake_prefix_path')
[2.231s] INFO:colcon.colcon_core.shell:Creating environment hook '/home/nick/panda_dof_ws/src/install/three_dof_config/share/three_dof_config/hook/cmake_prefix_path.ps1'
[2.231s] INFO:colcon.colcon_core.shell:Creating environment descriptor '/home/nick/panda_dof_ws/src/install/three_dof_config/share/three_dof_config/hook/cmake_prefix_path.dsv'
[2.232s] INFO:colcon.colcon_core.shell:Creating environment hook '/home/nick/panda_dof_ws/src/install/three_dof_config/share/three_dof_config/hook/cmake_prefix_path.sh'
[2.232s] Level 1:colcon.colcon_core.environment:checking '/home/nick/panda_dof_ws/src/install/three_dof_config/bin'
[2.232s] Level 1:colcon.colcon_core.environment:checking '/home/nick/panda_dof_ws/src/install/three_dof_config/lib/pkgconfig/three_dof_config.pc'
[2.233s] Level 1:colcon.colcon_core.environment:checking '/home/nick/panda_dof_ws/src/install/three_dof_config/lib/python3.10/site-packages'
[2.233s] Level 1:colcon.colcon_core.environment:checking '/home/nick/panda_dof_ws/src/install/three_dof_config/bin'
[2.233s] INFO:colcon.colcon_core.shell:Creating package script '/home/nick/panda_dof_ws/src/install/three_dof_config/share/three_dof_config/package.ps1'
[2.234s] INFO:colcon.colcon_core.shell:Creating package descriptor '/home/nick/panda_dof_ws/src/install/three_dof_config/share/three_dof_config/package.dsv'
[2.235s] INFO:colcon.colcon_core.shell:Creating package script '/home/nick/panda_dof_ws/src/install/three_dof_config/share/three_dof_config/package.sh'
[2.235s] INFO:colcon.colcon_core.shell:Creating package script '/home/nick/panda_dof_ws/src/install/three_dof_config/share/three_dof_config/package.bash'
[2.235s] INFO:colcon.colcon_core.shell:Creating package script '/home/nick/panda_dof_ws/src/install/three_dof_config/share/three_dof_config/package.zsh'
[2.236s] Level 1:colcon.colcon_core.environment:create_file_with_runtime_dependencies(/home/nick/panda_dof_ws/src/install/three_dof_config/share/colcon-core/packages/three_dof_config)
[2.237s] Level 1:colcon.colcon_core.environment:create_environment_scripts_only(three_dof_config)
[2.237s] Level 1:colcon.colcon_core.environment:checking '/home/nick/panda_dof_ws/src/install/three_dof_config' for CMake module files
[2.237s] Level 1:colcon.colcon_core.environment:checking '/home/nick/panda_dof_ws/src/install/three_dof_config' for CMake config files
[2.238s] Level 1:colcon.colcon_core.shell:create_environment_hook('three_dof_config', 'cmake_prefix_path')
[2.238s] INFO:colcon.colcon_core.shell:Creating environment hook '/home/nick/panda_dof_ws/src/install/three_dof_config/share/three_dof_config/hook/cmake_prefix_path.ps1'
[2.239s] INFO:colcon.colcon_core.shell:Creating environment descriptor '/home/nick/panda_dof_ws/src/install/three_dof_config/share/three_dof_config/hook/cmake_prefix_path.dsv'
[2.239s] INFO:colcon.colcon_core.shell:Creating environment hook '/home/nick/panda_dof_ws/src/install/three_dof_config/share/three_dof_config/hook/cmake_prefix_path.sh'
[2.240s] Level 1:colcon.colcon_core.environment:checking '/home/nick/panda_dof_ws/src/install/three_dof_config/bin'
[2.240s] Level 1:colcon.colcon_core.environment:checking '/home/nick/panda_dof_ws/src/install/three_dof_config/lib/pkgconfig/three_dof_config.pc'
[2.240s] Level 1:colcon.colcon_core.environment:checking '/home/nick/panda_dof_ws/src/install/three_dof_config/lib/python3.10/site-packages'
[2.240s] Level 1:colcon.colcon_core.environment:checking '/home/nick/panda_dof_ws/src/install/three_dof_config/bin'
[2.240s] INFO:colcon.colcon_core.shell:Creating package script '/home/nick/panda_dof_ws/src/install/three_dof_config/share/three_dof_config/package.ps1'
[2.240s] INFO:colcon.colcon_core.shell:Creating package descriptor '/home/nick/panda_dof_ws/src/install/three_dof_config/share/three_dof_config/package.dsv'
[2.241s] INFO:colcon.colcon_core.shell:Creating package script '/home/nick/panda_dof_ws/src/install/three_dof_config/share/three_dof_config/package.sh'
[2.241s] INFO:colcon.colcon_core.shell:Creating package script '/home/nick/panda_dof_ws/src/install/three_dof_config/share/three_dof_config/package.bash'
[2.241s] INFO:colcon.colcon_core.shell:Creating package script '/home/nick/panda_dof_ws/src/install/three_dof_config/share/three_dof_config/package.zsh'
[2.241s] Level 1:colcon.colcon_core.environment:create_file_with_runtime_dependencies(/home/nick/panda_dof_ws/src/install/three_dof_config/share/colcon-core/packages/three_dof_config)
[2.244s] DEBUG:colcon.colcon_core.event_handler.log_command:Invoked command in '/home/nick/panda_dof_ws/src/build/four_dof_config' returned '0': AMENT_PREFIX_PATH=/home/nick/panda_dof_ws/src/install/panda_4dof_moveit_config:${AMENT_PREFIX_PATH} CMAKE_PREFIX_PATH=/home/nick/panda_dof_ws/src/install/panda_4dof_moveit_config:/home/nick/ws_moveit/install/robotiq_hardware_tests:/home/nick/ws_moveit/install/robotiq_driver:/home/nick/ws_moveit/install/serial:/home/nick/ws_moveit/install/moveit2_tutorials:/home/nick/ws_moveit/install/hello_moveit:/home/nick/ws_moveit/install/moveit_visual_tools:/home/nick/ws_moveit/install/rviz_visual_tools:/home/nick/ws_moveit/install/moveit_task_constructor_visualization:/home/nick/ws_moveit/install/moveit_task_constructor_demo:/home/nick/ws_moveit/install/moveit_task_constructor_capabilities:/home/nick/ws_moveit/install/moveit_task_constructor_core:/home/nick/ws_moveit/install/rviz_marker_tools:/home/nick/ws_moveit/install/kortex_bringup:/home/nick/ws_moveit/install/kinova_gen3_lite_moveit_config:/home/nick/ws_moveit/install/kinova_gen3_7dof_robotiq_2f_85_moveit_config:/home/nick/ws_moveit/install/kinova_gen3_6dof_robotiq_2f_85_moveit_config:/home/nick/ws_moveit/install/kortex_description:/home/nick/ws_moveit/install/robotiq_description:/home/nick/ws_moveit/install/robotiq_controllers:/home/nick/ws_moveit/install/pilz_industrial_motion_planner_testutils:/home/nick/ws_moveit/install/moveit_runtime:/home/nick/ws_moveit/install/moveit:/home/nick/ws_moveit/install/moveit_planners:/home/nick/ws_moveit/install/pilz_industrial_motion_planner:/home/nick/ws_moveit/install/moveit_task_constructor_msgs:/home/nick/ws_moveit/install/moveit_ros_control_interface:/home/nick/ws_moveit/install/moveit_plugins:/home/nick/ws_moveit/install/moveit_simple_controller_manager:/home/nick/ws_moveit/install/moveit_setup_assistant:/home/nick/ws_moveit/install/moveit_setup_srdf_plugins:/home/nick/ws_moveit/install/moveit_setup_core_plugins:/home/nick/ws_moveit/install/moveit_setup_controllers:/home/nick/ws_moveit/install/moveit_setup_app_plugins:/home/nick/ws_moveit/install/moveit_setup_framework:/home/nick/ws_moveit/install/moveit_servo:/home/nick/ws_moveit/install/moveit_ros_trajectory_cache:/home/nick/ws_moveit/install/moveit_ros:/home/nick/ws_moveit/install/moveit_ros_visualization:/home/nick/ws_moveit/install/moveit_py:/home/nick/ws_moveit/install/moveit_hybrid_planning:/home/nick/ws_moveit/install/moveit_ros_planning_interface:/home/nick/ws_moveit/install/moveit_ros_benchmarks:/home/nick/ws_moveit/install/moveit_ros_warehouse:/home/nick/ws_moveit/install/moveit_ros_robot_interaction:/home/nick/ws_moveit/install/moveit_ros_perception:/home/nick/ws_moveit/install/moveit_resources_prbt_pg70_support:/home/nick/ws_moveit/install/moveit_resources_prbt_moveit_config:/home/nick/ws_moveit/install/moveit_ros_move_group:/home/nick/ws_moveit/install/moveit_planners_ompl:/home/nick/ws_moveit/install/moveit_kinematics:/home/nick/ws_moveit/install/moveit_ros_planning:/home/nick/ws_moveit/install/moveit_ros_occupancy_map_monitor:/home/nick/ws_moveit/install/moveit_resources_prbt_support:/home/nick/ws_moveit/install/moveit_resources_prbt_ikfast_manipulator_plugin:/home/nick/ws_moveit/install/moveit_resources:/home/nick/ws_moveit/install/moveit_resources_pr2_description:/home/nick/ws_moveit/install/moveit_resources_panda_moveit_config:/home/nick/ws_moveit/install/dual_arm_panda_moveit_config:/home/nick/ws_moveit/install/moveit_resources_panda_description:/home/nick/ws_moveit/install/moveit_resources_fanuc_moveit_config:/home/nick/ws_moveit/install/moveit_resources_fanuc_description:/home/nick/ws_moveit/install/moveit_planners_stomp:/home/nick/ws_moveit/install/moveit_planners_chomp:/home/nick/ws_moveit/install/chomp_motion_planner:/home/nick/ws_moveit/install/moveit_core:/home/nick/ws_moveit/install/moveit_msgs:/home/nick/ws_moveit/install/moveit_common:/home/nick/ws_moveit/install/kortex_driver:/home/nick/ws_moveit/install/kortex_api:/home/nick/ws_moveit/install/moveit_configs_utils:/opt/ros/humble /usr/bin/cmake --build /home/nick/panda_dof_ws/src/build/four_dof_config -- -j12 -l12
[2.244s] DEBUG:colcon.colcon_core.event_handler.log_command:Invoking command in '/home/nick/panda_dof_ws/src/build/four_dof_config': AMENT_PREFIX_PATH=/home/nick/panda_dof_ws/src/install/panda_4dof_moveit_config:${AMENT_PREFIX_PATH} CMAKE_PREFIX_PATH=/home/nick/panda_dof_ws/src/install/panda_4dof_moveit_config:/home/nick/ws_moveit/install/robotiq_hardware_tests:/home/nick/ws_moveit/install/robotiq_driver:/home/nick/ws_moveit/install/serial:/home/nick/ws_moveit/install/moveit2_tutorials:/home/nick/ws_moveit/install/hello_moveit:/home/nick/ws_moveit/install/moveit_visual_tools:/home/nick/ws_moveit/install/rviz_visual_tools:/home/nick/ws_moveit/install/moveit_task_constructor_visualization:/home/nick/ws_moveit/install/moveit_task_constructor_demo:/home/nick/ws_moveit/install/moveit_task_constructor_capabilities:/home/nick/ws_moveit/install/moveit_task_constructor_core:/home/nick/ws_moveit/install/rviz_marker_tools:/home/nick/ws_moveit/install/kortex_bringup:/home/nick/ws_moveit/install/kinova_gen3_lite_moveit_config:/home/nick/ws_moveit/install/kinova_gen3_7dof_robotiq_2f_85_moveit_config:/home/nick/ws_moveit/install/kinova_gen3_6dof_robotiq_2f_85_moveit_config:/home/nick/ws_moveit/install/kortex_description:/home/nick/ws_moveit/install/robotiq_description:/home/nick/ws_moveit/install/robotiq_controllers:/home/nick/ws_moveit/install/pilz_industrial_motion_planner_testutils:/home/nick/ws_moveit/install/moveit_runtime:/home/nick/ws_moveit/install/moveit:/home/nick/ws_moveit/install/moveit_planners:/home/nick/ws_moveit/install/pilz_industrial_motion_planner:/home/nick/ws_moveit/install/moveit_task_constructor_msgs:/home/nick/ws_moveit/install/moveit_ros_control_interface:/home/nick/ws_moveit/install/moveit_plugins:/home/nick/ws_moveit/install/moveit_simple_controller_manager:/home/nick/ws_moveit/install/moveit_setup_assistant:/home/nick/ws_moveit/install/moveit_setup_srdf_plugins:/home/nick/ws_moveit/install/moveit_setup_core_plugins:/home/nick/ws_moveit/install/moveit_setup_controllers:/home/nick/ws_moveit/install/moveit_setup_app_plugins:/home/nick/ws_moveit/install/moveit_setup_framework:/home/nick/ws_moveit/install/moveit_servo:/home/nick/ws_moveit/install/moveit_ros_trajectory_cache:/home/nick/ws_moveit/install/moveit_ros:/home/nick/ws_moveit/install/moveit_ros_visualization:/home/nick/ws_moveit/install/moveit_py:/home/nick/ws_moveit/install/moveit_hybrid_planning:/home/nick/ws_moveit/install/moveit_ros_planning_interface:/home/nick/ws_moveit/install/moveit_ros_benchmarks:/home/nick/ws_moveit/install/moveit_ros_warehouse:/home/nick/ws_moveit/install/moveit_ros_robot_interaction:/home/nick/ws_moveit/install/moveit_ros_perception:/home/nick/ws_moveit/install/moveit_resources_prbt_pg70_support:/home/nick/ws_moveit/install/moveit_resources_prbt_moveit_config:/home/nick/ws_moveit/install/moveit_ros_move_group:/home/nick/ws_moveit/install/moveit_planners_ompl:/home/nick/ws_moveit/install/moveit_kinematics:/home/nick/ws_moveit/install/moveit_ros_planning:/home/nick/ws_moveit/install/moveit_ros_occupancy_map_monitor:/home/nick/ws_moveit/install/moveit_resources_prbt_support:/home/nick/ws_moveit/install/moveit_resources_prbt_ikfast_manipulator_plugin:/home/nick/ws_moveit/install/moveit_resources:/home/nick/ws_moveit/install/moveit_resources_pr2_description:/home/nick/ws_moveit/install/moveit_resources_panda_moveit_config:/home/nick/ws_moveit/install/dual_arm_panda_moveit_config:/home/nick/ws_moveit/install/moveit_resources_panda_description:/home/nick/ws_moveit/install/moveit_resources_fanuc_moveit_config:/home/nick/ws_moveit/install/moveit_resources_fanuc_description:/home/nick/ws_moveit/install/moveit_planners_stomp:/home/nick/ws_moveit/install/moveit_planners_chomp:/home/nick/ws_moveit/install/chomp_motion_planner:/home/nick/ws_moveit/install/moveit_core:/home/nick/ws_moveit/install/moveit_msgs:/home/nick/ws_moveit/install/moveit_common:/home/nick/ws_moveit/install/kortex_driver:/home/nick/ws_moveit/install/kortex_api:/home/nick/ws_moveit/install/moveit_configs_utils:/opt/ros/humble /usr/bin/cmake --install /home/nick/panda_dof_ws/src/build/four_dof_config
[2.253s] DEBUG:colcon.colcon_core.event_handler.log_command:Invoked command in '/home/nick/panda_dof_ws/src/build/two_dof_config' returned '0': AMENT_PREFIX_PATH=/home/nick/panda_dof_ws/src/install/panda_2dof_moveit_config:${AMENT_PREFIX_PATH} CMAKE_PREFIX_PATH=/home/nick/panda_dof_ws/src/install/panda_2dof_moveit_config:/home/nick/ws_moveit/install/robotiq_hardware_tests:/home/nick/ws_moveit/install/robotiq_driver:/home/nick/ws_moveit/install/serial:/home/nick/ws_moveit/install/moveit2_tutorials:/home/nick/ws_moveit/install/hello_moveit:/home/nick/ws_moveit/install/moveit_visual_tools:/home/nick/ws_moveit/install/rviz_visual_tools:/home/nick/ws_moveit/install/moveit_task_constructor_visualization:/home/nick/ws_moveit/install/moveit_task_constructor_demo:/home/nick/ws_moveit/install/moveit_task_constructor_capabilities:/home/nick/ws_moveit/install/moveit_task_constructor_core:/home/nick/ws_moveit/install/rviz_marker_tools:/home/nick/ws_moveit/install/kortex_bringup:/home/nick/ws_moveit/install/kinova_gen3_lite_moveit_config:/home/nick/ws_moveit/install/kinova_gen3_7dof_robotiq_2f_85_moveit_config:/home/nick/ws_moveit/install/kinova_gen3_6dof_robotiq_2f_85_moveit_config:/home/nick/ws_moveit/install/kortex_description:/home/nick/ws_moveit/install/robotiq_description:/home/nick/ws_moveit/install/robotiq_controllers:/home/nick/ws_moveit/install/pilz_industrial_motion_planner_testutils:/home/nick/ws_moveit/install/moveit_runtime:/home/nick/ws_moveit/install/moveit:/home/nick/ws_moveit/install/moveit_planners:/home/nick/ws_moveit/install/pilz_industrial_motion_planner:/home/nick/ws_moveit/install/moveit_task_constructor_msgs:/home/nick/ws_moveit/install/moveit_ros_control_interface:/home/nick/ws_moveit/install/moveit_plugins:/home/nick/ws_moveit/install/moveit_simple_controller_manager:/home/nick/ws_moveit/install/moveit_setup_assistant:/home/nick/ws_moveit/install/moveit_setup_srdf_plugins:/home/nick/ws_moveit/install/moveit_setup_core_plugins:/home/nick/ws_moveit/install/moveit_setup_controllers:/home/nick/ws_moveit/install/moveit_setup_app_plugins:/home/nick/ws_moveit/install/moveit_setup_framework:/home/nick/ws_moveit/install/moveit_servo:/home/nick/ws_moveit/install/moveit_ros_trajectory_cache:/home/nick/ws_moveit/install/moveit_ros:/home/nick/ws_moveit/install/moveit_ros_visualization:/home/nick/ws_moveit/install/moveit_py:/home/nick/ws_moveit/install/moveit_hybrid_planning:/home/nick/ws_moveit/install/moveit_ros_planning_interface:/home/nick/ws_moveit/install/moveit_ros_benchmarks:/home/nick/ws_moveit/install/moveit_ros_warehouse:/home/nick/ws_moveit/install/moveit_ros_robot_interaction:/home/nick/ws_moveit/install/moveit_ros_perception:/home/nick/ws_moveit/install/moveit_resources_prbt_pg70_support:/home/nick/ws_moveit/install/moveit_resources_prbt_moveit_config:/home/nick/ws_moveit/install/moveit_ros_move_group:/home/nick/ws_moveit/install/moveit_planners_ompl:/home/nick/ws_moveit/install/moveit_kinematics:/home/nick/ws_moveit/install/moveit_ros_planning:/home/nick/ws_moveit/install/moveit_ros_occupancy_map_monitor:/home/nick/ws_moveit/install/moveit_resources_prbt_support:/home/nick/ws_moveit/install/moveit_resources_prbt_ikfast_manipulator_plugin:/home/nick/ws_moveit/install/moveit_resources:/home/nick/ws_moveit/install/moveit_resources_pr2_description:/home/nick/ws_moveit/install/moveit_resources_panda_moveit_config:/home/nick/ws_moveit/install/dual_arm_panda_moveit_config:/home/nick/ws_moveit/install/moveit_resources_panda_description:/home/nick/ws_moveit/install/moveit_resources_fanuc_moveit_config:/home/nick/ws_moveit/install/moveit_resources_fanuc_description:/home/nick/ws_moveit/install/moveit_planners_stomp:/home/nick/ws_moveit/install/moveit_planners_chomp:/home/nick/ws_moveit/install/chomp_motion_planner:/home/nick/ws_moveit/install/moveit_core:/home/nick/ws_moveit/install/moveit_msgs:/home/nick/ws_moveit/install/moveit_common:/home/nick/ws_moveit/install/kortex_driver:/home/nick/ws_moveit/install/kortex_api:/home/nick/ws_moveit/install/moveit_configs_utils:/opt/ros/humble /usr/bin/cmake --build /home/nick/panda_dof_ws/src/build/two_dof_config -- -j12 -l12
[2.254s] DEBUG:colcon.colcon_core.event_handler.log_command:Invoking command in '/home/nick/panda_dof_ws/src/build/two_dof_config': AMENT_PREFIX_PATH=/home/nick/panda_dof_ws/src/install/panda_2dof_moveit_config:${AMENT_PREFIX_PATH} CMAKE_PREFIX_PATH=/home/nick/panda_dof_ws/src/install/panda_2dof_moveit_config:/home/nick/ws_moveit/install/robotiq_hardware_tests:/home/nick/ws_moveit/install/robotiq_driver:/home/nick/ws_moveit/install/serial:/home/nick/ws_moveit/install/moveit2_tutorials:/home/nick/ws_moveit/install/hello_moveit:/home/nick/ws_moveit/install/moveit_visual_tools:/home/nick/ws_moveit/install/rviz_visual_tools:/home/nick/ws_moveit/install/moveit_task_constructor_visualization:/home/nick/ws_moveit/install/moveit_task_constructor_demo:/home/nick/ws_moveit/install/moveit_task_constructor_capabilities:/home/nick/ws_moveit/install/moveit_task_constructor_core:/home/nick/ws_moveit/install/rviz_marker_tools:/home/nick/ws_moveit/install/kortex_bringup:/home/nick/ws_moveit/install/kinova_gen3_lite_moveit_config:/home/nick/ws_moveit/install/kinova_gen3_7dof_robotiq_2f_85_moveit_config:/home/nick/ws_moveit/install/kinova_gen3_6dof_robotiq_2f_85_moveit_config:/home/nick/ws_moveit/install/kortex_description:/home/nick/ws_moveit/install/robotiq_description:/home/nick/ws_moveit/install/robotiq_controllers:/home/nick/ws_moveit/install/pilz_industrial_motion_planner_testutils:/home/nick/ws_moveit/install/moveit_runtime:/home/nick/ws_moveit/install/moveit:/home/nick/ws_moveit/install/moveit_planners:/home/nick/ws_moveit/install/pilz_industrial_motion_planner:/home/nick/ws_moveit/install/moveit_task_constructor_msgs:/home/nick/ws_moveit/install/moveit_ros_control_interface:/home/nick/ws_moveit/install/moveit_plugins:/home/nick/ws_moveit/install/moveit_simple_controller_manager:/home/nick/ws_moveit/install/moveit_setup_assistant:/home/nick/ws_moveit/install/moveit_setup_srdf_plugins:/home/nick/ws_moveit/install/moveit_setup_core_plugins:/home/nick/ws_moveit/install/moveit_setup_controllers:/home/nick/ws_moveit/install/moveit_setup_app_plugins:/home/nick/ws_moveit/install/moveit_setup_framework:/home/nick/ws_moveit/install/moveit_servo:/home/nick/ws_moveit/install/moveit_ros_trajectory_cache:/home/nick/ws_moveit/install/moveit_ros:/home/nick/ws_moveit/install/moveit_ros_visualization:/home/nick/ws_moveit/install/moveit_py:/home/nick/ws_moveit/install/moveit_hybrid_planning:/home/nick/ws_moveit/install/moveit_ros_planning_interface:/home/nick/ws_moveit/install/moveit_ros_benchmarks:/home/nick/ws_moveit/install/moveit_ros_warehouse:/home/nick/ws_moveit/install/moveit_ros_robot_interaction:/home/nick/ws_moveit/install/moveit_ros_perception:/home/nick/ws_moveit/install/moveit_resources_prbt_pg70_support:/home/nick/ws_moveit/install/moveit_resources_prbt_moveit_config:/home/nick/ws_moveit/install/moveit_ros_move_group:/home/nick/ws_moveit/install/moveit_planners_ompl:/home/nick/ws_moveit/install/moveit_kinematics:/home/nick/ws_moveit/install/moveit_ros_planning:/home/nick/ws_moveit/install/moveit_ros_occupancy_map_monitor:/home/nick/ws_moveit/install/moveit_resources_prbt_support:/home/nick/ws_moveit/install/moveit_resources_prbt_ikfast_manipulator_plugin:/home/nick/ws_moveit/install/moveit_resources:/home/nick/ws_moveit/install/moveit_resources_pr2_description:/home/nick/ws_moveit/install/moveit_resources_panda_moveit_config:/home/nick/ws_moveit/install/dual_arm_panda_moveit_config:/home/nick/ws_moveit/install/moveit_resources_panda_description:/home/nick/ws_moveit/install/moveit_resources_fanuc_moveit_config:/home/nick/ws_moveit/install/moveit_resources_fanuc_description:/home/nick/ws_moveit/install/moveit_planners_stomp:/home/nick/ws_moveit/install/moveit_planners_chomp:/home/nick/ws_moveit/install/chomp_motion_planner:/home/nick/ws_moveit/install/moveit_core:/home/nick/ws_moveit/install/moveit_msgs:/home/nick/ws_moveit/install/moveit_common:/home/nick/ws_moveit/install/kortex_driver:/home/nick/ws_moveit/install/kortex_api:/home/nick/ws_moveit/install/moveit_configs_utils:/opt/ros/humble /usr/bin/cmake --install /home/nick/panda_dof_ws/src/build/two_dof_config
[2.255s] Level 1:colcon.colcon_core.environment:create_environment_scripts_only(four_dof_config)
[2.256s] Level 1:colcon.colcon_core.environment:checking '/home/nick/panda_dof_ws/src/install/four_dof_config' for CMake module files
[2.256s] DEBUG:colcon.colcon_core.event_handler.log_command:Invoked command in '/home/nick/panda_dof_ws/src/build/four_dof_config' returned '0': AMENT_PREFIX_PATH=/home/nick/panda_dof_ws/src/install/panda_4dof_moveit_config:${AMENT_PREFIX_PATH} CMAKE_PREFIX_PATH=/home/nick/panda_dof_ws/src/install/panda_4dof_moveit_config:/home/nick/ws_moveit/install/robotiq_hardware_tests:/home/nick/ws_moveit/install/robotiq_driver:/home/nick/ws_moveit/install/serial:/home/nick/ws_moveit/install/moveit2_tutorials:/home/nick/ws_moveit/install/hello_moveit:/home/nick/ws_moveit/install/moveit_visual_tools:/home/nick/ws_moveit/install/rviz_visual_tools:/home/nick/ws_moveit/install/moveit_task_constructor_visualization:/home/nick/ws_moveit/install/moveit_task_constructor_demo:/home/nick/ws_moveit/install/moveit_task_constructor_capabilities:/home/nick/ws_moveit/install/moveit_task_constructor_core:/home/nick/ws_moveit/install/rviz_marker_tools:/home/nick/ws_moveit/install/kortex_bringup:/home/nick/ws_moveit/install/kinova_gen3_lite_moveit_config:/home/nick/ws_moveit/install/kinova_gen3_7dof_robotiq_2f_85_moveit_config:/home/nick/ws_moveit/install/kinova_gen3_6dof_robotiq_2f_85_moveit_config:/home/nick/ws_moveit/install/kortex_description:/home/nick/ws_moveit/install/robotiq_description:/home/nick/ws_moveit/install/robotiq_controllers:/home/nick/ws_moveit/install/pilz_industrial_motion_planner_testutils:/home/nick/ws_moveit/install/moveit_runtime:/home/nick/ws_moveit/install/moveit:/home/nick/ws_moveit/install/moveit_planners:/home/nick/ws_moveit/install/pilz_industrial_motion_planner:/home/nick/ws_moveit/install/moveit_task_constructor_msgs:/home/nick/ws_moveit/install/moveit_ros_control_interface:/home/nick/ws_moveit/install/moveit_plugins:/home/nick/ws_moveit/install/moveit_simple_controller_manager:/home/nick/ws_moveit/install/moveit_setup_assistant:/home/nick/ws_moveit/install/moveit_setup_srdf_plugins:/home/nick/ws_moveit/install/moveit_setup_core_plugins:/home/nick/ws_moveit/install/moveit_setup_controllers:/home/nick/ws_moveit/install/moveit_setup_app_plugins:/home/nick/ws_moveit/install/moveit_setup_framework:/home/nick/ws_moveit/install/moveit_servo:/home/nick/ws_moveit/install/moveit_ros_trajectory_cache:/home/nick/ws_moveit/install/moveit_ros:/home/nick/ws_moveit/install/moveit_ros_visualization:/home/nick/ws_moveit/install/moveit_py:/home/nick/ws_moveit/install/moveit_hybrid_planning:/home/nick/ws_moveit/install/moveit_ros_planning_interface:/home/nick/ws_moveit/install/moveit_ros_benchmarks:/home/nick/ws_moveit/install/moveit_ros_warehouse:/home/nick/ws_moveit/install/moveit_ros_robot_interaction:/home/nick/ws_moveit/install/moveit_ros_perception:/home/nick/ws_moveit/install/moveit_resources_prbt_pg70_support:/home/nick/ws_moveit/install/moveit_resources_prbt_moveit_config:/home/nick/ws_moveit/install/moveit_ros_move_group:/home/nick/ws_moveit/install/moveit_planners_ompl:/home/nick/ws_moveit/install/moveit_kinematics:/home/nick/ws_moveit/install/moveit_ros_planning:/home/nick/ws_moveit/install/moveit_ros_occupancy_map_monitor:/home/nick/ws_moveit/install/moveit_resources_prbt_support:/home/nick/ws_moveit/install/moveit_resources_prbt_ikfast_manipulator_plugin:/home/nick/ws_moveit/install/moveit_resources:/home/nick/ws_moveit/install/moveit_resources_pr2_description:/home/nick/ws_moveit/install/moveit_resources_panda_moveit_config:/home/nick/ws_moveit/install/dual_arm_panda_moveit_config:/home/nick/ws_moveit/install/moveit_resources_panda_description:/home/nick/ws_moveit/install/moveit_resources_fanuc_moveit_config:/home/nick/ws_moveit/install/moveit_resources_fanuc_description:/home/nick/ws_moveit/install/moveit_planners_stomp:/home/nick/ws_moveit/install/moveit_planners_chomp:/home/nick/ws_moveit/install/chomp_motion_planner:/home/nick/ws_moveit/install/moveit_core:/home/nick/ws_moveit/install/moveit_msgs:/home/nick/ws_moveit/install/moveit_common:/home/nick/ws_moveit/install/kortex_driver:/home/nick/ws_moveit/install/kortex_api:/home/nick/ws_moveit/install/moveit_configs_utils:/opt/ros/humble /usr/bin/cmake --install /home/nick/panda_dof_ws/src/build/four_dof_config
[2.256s] Level 1:colcon.colcon_core.environment:checking '/home/nick/panda_dof_ws/src/install/four_dof_config' for CMake config files
[2.257s] Level 1:colcon.colcon_core.shell:create_environment_hook('four_dof_config', 'cmake_prefix_path')
[2.257s] INFO:colcon.colcon_core.shell:Creating environment hook '/home/nick/panda_dof_ws/src/install/four_dof_config/share/four_dof_config/hook/cmake_prefix_path.ps1'
[2.257s] INFO:colcon.colcon_core.shell:Creating environment descriptor '/home/nick/panda_dof_ws/src/install/four_dof_config/share/four_dof_config/hook/cmake_prefix_path.dsv'
[2.258s] INFO:colcon.colcon_core.shell:Creating environment hook '/home/nick/panda_dof_ws/src/install/four_dof_config/share/four_dof_config/hook/cmake_prefix_path.sh'
[2.258s] Level 1:colcon.colcon_core.environment:checking '/home/nick/panda_dof_ws/src/install/four_dof_config/bin'
[2.259s] Level 1:colcon.colcon_core.environment:checking '/home/nick/panda_dof_ws/src/install/four_dof_config/lib/pkgconfig/four_dof_config.pc'
[2.259s] Level 1:colcon.colcon_core.environment:checking '/home/nick/panda_dof_ws/src/install/four_dof_config/lib/python3.10/site-packages'
[2.259s] Level 1:colcon.colcon_core.environment:checking '/home/nick/panda_dof_ws/src/install/four_dof_config/bin'
[2.259s] INFO:colcon.colcon_core.shell:Creating package script '/home/nick/panda_dof_ws/src/install/four_dof_config/share/four_dof_config/package.ps1'
[2.260s] INFO:colcon.colcon_core.shell:Creating package descriptor '/home/nick/panda_dof_ws/src/install/four_dof_config/share/four_dof_config/package.dsv'
[2.260s] INFO:colcon.colcon_core.shell:Creating package script '/home/nick/panda_dof_ws/src/install/four_dof_config/share/four_dof_config/package.sh'
[2.263s] INFO:colcon.colcon_core.shell:Creating package script '/home/nick/panda_dof_ws/src/install/four_dof_config/share/four_dof_config/package.bash'
[2.264s] INFO:colcon.colcon_core.shell:Creating package script '/home/nick/panda_dof_ws/src/install/four_dof_config/share/four_dof_config/package.zsh'
[2.264s] Level 1:colcon.colcon_core.environment:create_file_with_runtime_dependencies(/home/nick/panda_dof_ws/src/install/four_dof_config/share/colcon-core/packages/four_dof_config)
[2.265s] Level 1:colcon.colcon_core.environment:create_environment_scripts_only(four_dof_config)
[2.265s] Level 1:colcon.colcon_core.environment:checking '/home/nick/panda_dof_ws/src/install/four_dof_config' for CMake module files
[2.265s] Level 1:colcon.colcon_core.environment:checking '/home/nick/panda_dof_ws/src/install/four_dof_config' for CMake config files
[2.265s] Level 1:colcon.colcon_core.shell:create_environment_hook('four_dof_config', 'cmake_prefix_path')
[2.265s] INFO:colcon.colcon_core.shell:Creating environment hook '/home/nick/panda_dof_ws/src/install/four_dof_config/share/four_dof_config/hook/cmake_prefix_path.ps1'
[2.266s] INFO:colcon.colcon_core.shell:Creating environment descriptor '/home/nick/panda_dof_ws/src/install/four_dof_config/share/four_dof_config/hook/cmake_prefix_path.dsv'
[2.266s] INFO:colcon.colcon_core.shell:Creating environment hook '/home/nick/panda_dof_ws/src/install/four_dof_config/share/four_dof_config/hook/cmake_prefix_path.sh'
[2.266s] Level 1:colcon.colcon_core.environment:checking '/home/nick/panda_dof_ws/src/install/four_dof_config/bin'
[2.266s] Level 1:colcon.colcon_core.environment:checking '/home/nick/panda_dof_ws/src/install/four_dof_config/lib/pkgconfig/four_dof_config.pc'
[2.266s] Level 1:colcon.colcon_core.environment:checking '/home/nick/panda_dof_ws/src/install/four_dof_config/lib/python3.10/site-packages'
[2.266s] Level 1:colcon.colcon_core.environment:checking '/home/nick/panda_dof_ws/src/install/four_dof_config/bin'
[2.267s] INFO:colcon.colcon_core.shell:Creating package script '/home/nick/panda_dof_ws/src/install/four_dof_config/share/four_dof_config/package.ps1'
[2.267s] INFO:colcon.colcon_core.shell:Creating package descriptor '/home/nick/panda_dof_ws/src/install/four_dof_config/share/four_dof_config/package.dsv'
[2.267s] INFO:colcon.colcon_core.shell:Creating package script '/home/nick/panda_dof_ws/src/install/four_dof_config/share/four_dof_config/package.sh'
[2.267s] INFO:colcon.colcon_core.shell:Creating package script '/home/nick/panda_dof_ws/src/install/four_dof_config/share/four_dof_config/package.bash'
[2.267s] INFO:colcon.colcon_core.shell:Creating package script '/home/nick/panda_dof_ws/src/install/four_dof_config/share/four_dof_config/package.zsh'
[2.268s] Level 1:colcon.colcon_core.environment:create_file_with_runtime_dependencies(/home/nick/panda_dof_ws/src/install/four_dof_config/share/colcon-core/packages/four_dof_config)
[2.269s] DEBUG:colcon.colcon_core.event_handler.log_command:Invoked command in '/home/nick/panda_dof_ws/src/build/one_dof_config' returned '0': AMENT_PREFIX_PATH=/home/nick/panda_dof_ws/src/install/panda_1dof_moveit_config:${AMENT_PREFIX_PATH} CMAKE_PREFIX_PATH=/home/nick/panda_dof_ws/src/install/panda_1dof_moveit_config:/home/nick/ws_moveit/install/robotiq_hardware_tests:/home/nick/ws_moveit/install/robotiq_driver:/home/nick/ws_moveit/install/serial:/home/nick/ws_moveit/install/moveit2_tutorials:/home/nick/ws_moveit/install/hello_moveit:/home/nick/ws_moveit/install/moveit_visual_tools:/home/nick/ws_moveit/install/rviz_visual_tools:/home/nick/ws_moveit/install/moveit_task_constructor_visualization:/home/nick/ws_moveit/install/moveit_task_constructor_demo:/home/nick/ws_moveit/install/moveit_task_constructor_capabilities:/home/nick/ws_moveit/install/moveit_task_constructor_core:/home/nick/ws_moveit/install/rviz_marker_tools:/home/nick/ws_moveit/install/kortex_bringup:/home/nick/ws_moveit/install/kinova_gen3_lite_moveit_config:/home/nick/ws_moveit/install/kinova_gen3_7dof_robotiq_2f_85_moveit_config:/home/nick/ws_moveit/install/kinova_gen3_6dof_robotiq_2f_85_moveit_config:/home/nick/ws_moveit/install/kortex_description:/home/nick/ws_moveit/install/robotiq_description:/home/nick/ws_moveit/install/robotiq_controllers:/home/nick/ws_moveit/install/pilz_industrial_motion_planner_testutils:/home/nick/ws_moveit/install/moveit_runtime:/home/nick/ws_moveit/install/moveit:/home/nick/ws_moveit/install/moveit_planners:/home/nick/ws_moveit/install/pilz_industrial_motion_planner:/home/nick/ws_moveit/install/moveit_task_constructor_msgs:/home/nick/ws_moveit/install/moveit_ros_control_interface:/home/nick/ws_moveit/install/moveit_plugins:/home/nick/ws_moveit/install/moveit_simple_controller_manager:/home/nick/ws_moveit/install/moveit_setup_assistant:/home/nick/ws_moveit/install/moveit_setup_srdf_plugins:/home/nick/ws_moveit/install/moveit_setup_core_plugins:/home/nick/ws_moveit/install/moveit_setup_controllers:/home/nick/ws_moveit/install/moveit_setup_app_plugins:/home/nick/ws_moveit/install/moveit_setup_framework:/home/nick/ws_moveit/install/moveit_servo:/home/nick/ws_moveit/install/moveit_ros_trajectory_cache:/home/nick/ws_moveit/install/moveit_ros:/home/nick/ws_moveit/install/moveit_ros_visualization:/home/nick/ws_moveit/install/moveit_py:/home/nick/ws_moveit/install/moveit_hybrid_planning:/home/nick/ws_moveit/install/moveit_ros_planning_interface:/home/nick/ws_moveit/install/moveit_ros_benchmarks:/home/nick/ws_moveit/install/moveit_ros_warehouse:/home/nick/ws_moveit/install/moveit_ros_robot_interaction:/home/nick/ws_moveit/install/moveit_ros_perception:/home/nick/ws_moveit/install/moveit_resources_prbt_pg70_support:/home/nick/ws_moveit/install/moveit_resources_prbt_moveit_config:/home/nick/ws_moveit/install/moveit_ros_move_group:/home/nick/ws_moveit/install/moveit_planners_ompl:/home/nick/ws_moveit/install/moveit_kinematics:/home/nick/ws_moveit/install/moveit_ros_planning:/home/nick/ws_moveit/install/moveit_ros_occupancy_map_monitor:/home/nick/ws_moveit/install/moveit_resources_prbt_support:/home/nick/ws_moveit/install/moveit_resources_prbt_ikfast_manipulator_plugin:/home/nick/ws_moveit/install/moveit_resources:/home/nick/ws_moveit/install/moveit_resources_pr2_description:/home/nick/ws_moveit/install/moveit_resources_panda_moveit_config:/home/nick/ws_moveit/install/dual_arm_panda_moveit_config:/home/nick/ws_moveit/install/moveit_resources_panda_description:/home/nick/ws_moveit/install/moveit_resources_fanuc_moveit_config:/home/nick/ws_moveit/install/moveit_resources_fanuc_description:/home/nick/ws_moveit/install/moveit_planners_stomp:/home/nick/ws_moveit/install/moveit_planners_chomp:/home/nick/ws_moveit/install/chomp_motion_planner:/home/nick/ws_moveit/install/moveit_core:/home/nick/ws_moveit/install/moveit_msgs:/home/nick/ws_moveit/install/moveit_common:/home/nick/ws_moveit/install/kortex_driver:/home/nick/ws_moveit/install/kortex_api:/home/nick/ws_moveit/install/moveit_configs_utils:/opt/ros/humble /usr/bin/cmake --build /home/nick/panda_dof_ws/src/build/one_dof_config -- -j12 -l12
[2.270s] DEBUG:colcon.colcon_core.event_handler.log_command:Invoking command in '/home/nick/panda_dof_ws/src/build/one_dof_config': AMENT_PREFIX_PATH=/home/nick/panda_dof_ws/src/install/panda_1dof_moveit_config:${AMENT_PREFIX_PATH} CMAKE_PREFIX_PATH=/home/nick/panda_dof_ws/src/install/panda_1dof_moveit_config:/home/nick/ws_moveit/install/robotiq_hardware_tests:/home/nick/ws_moveit/install/robotiq_driver:/home/nick/ws_moveit/install/serial:/home/nick/ws_moveit/install/moveit2_tutorials:/home/nick/ws_moveit/install/hello_moveit:/home/nick/ws_moveit/install/moveit_visual_tools:/home/nick/ws_moveit/install/rviz_visual_tools:/home/nick/ws_moveit/install/moveit_task_constructor_visualization:/home/nick/ws_moveit/install/moveit_task_constructor_demo:/home/nick/ws_moveit/install/moveit_task_constructor_capabilities:/home/nick/ws_moveit/install/moveit_task_constructor_core:/home/nick/ws_moveit/install/rviz_marker_tools:/home/nick/ws_moveit/install/kortex_bringup:/home/nick/ws_moveit/install/kinova_gen3_lite_moveit_config:/home/nick/ws_moveit/install/kinova_gen3_7dof_robotiq_2f_85_moveit_config:/home/nick/ws_moveit/install/kinova_gen3_6dof_robotiq_2f_85_moveit_config:/home/nick/ws_moveit/install/kortex_description:/home/nick/ws_moveit/install/robotiq_description:/home/nick/ws_moveit/install/robotiq_controllers:/home/nick/ws_moveit/install/pilz_industrial_motion_planner_testutils:/home/nick/ws_moveit/install/moveit_runtime:/home/nick/ws_moveit/install/moveit:/home/nick/ws_moveit/install/moveit_planners:/home/nick/ws_moveit/install/pilz_industrial_motion_planner:/home/nick/ws_moveit/install/moveit_task_constructor_msgs:/home/nick/ws_moveit/install/moveit_ros_control_interface:/home/nick/ws_moveit/install/moveit_plugins:/home/nick/ws_moveit/install/moveit_simple_controller_manager:/home/nick/ws_moveit/install/moveit_setup_assistant:/home/nick/ws_moveit/install/moveit_setup_srdf_plugins:/home/nick/ws_moveit/install/moveit_setup_core_plugins:/home/nick/ws_moveit/install/moveit_setup_controllers:/home/nick/ws_moveit/install/moveit_setup_app_plugins:/home/nick/ws_moveit/install/moveit_setup_framework:/home/nick/ws_moveit/install/moveit_servo:/home/nick/ws_moveit/install/moveit_ros_trajectory_cache:/home/nick/ws_moveit/install/moveit_ros:/home/nick/ws_moveit/install/moveit_ros_visualization:/home/nick/ws_moveit/install/moveit_py:/home/nick/ws_moveit/install/moveit_hybrid_planning:/home/nick/ws_moveit/install/moveit_ros_planning_interface:/home/nick/ws_moveit/install/moveit_ros_benchmarks:/home/nick/ws_moveit/install/moveit_ros_warehouse:/home/nick/ws_moveit/install/moveit_ros_robot_interaction:/home/nick/ws_moveit/install/moveit_ros_perception:/home/nick/ws_moveit/install/moveit_resources_prbt_pg70_support:/home/nick/ws_moveit/install/moveit_resources_prbt_moveit_config:/home/nick/ws_moveit/install/moveit_ros_move_group:/home/nick/ws_moveit/install/moveit_planners_ompl:/home/nick/ws_moveit/install/moveit_kinematics:/home/nick/ws_moveit/install/moveit_ros_planning:/home/nick/ws_moveit/install/moveit_ros_occupancy_map_monitor:/home/nick/ws_moveit/install/moveit_resources_prbt_support:/home/nick/ws_moveit/install/moveit_resources_prbt_ikfast_manipulator_plugin:/home/nick/ws_moveit/install/moveit_resources:/home/nick/ws_moveit/install/moveit_resources_pr2_description:/home/nick/ws_moveit/install/moveit_resources_panda_moveit_config:/home/nick/ws_moveit/install/dual_arm_panda_moveit_config:/home/nick/ws_moveit/install/moveit_resources_panda_description:/home/nick/ws_moveit/install/moveit_resources_fanuc_moveit_config:/home/nick/ws_moveit/install/moveit_resources_fanuc_description:/home/nick/ws_moveit/install/moveit_planners_stomp:/home/nick/ws_moveit/install/moveit_planners_chomp:/home/nick/ws_moveit/install/chomp_motion_planner:/home/nick/ws_moveit/install/moveit_core:/home/nick/ws_moveit/install/moveit_msgs:/home/nick/ws_moveit/install/moveit_common:/home/nick/ws_moveit/install/kortex_driver:/home/nick/ws_moveit/install/kortex_api:/home/nick/ws_moveit/install/moveit_configs_utils:/opt/ros/humble /usr/bin/cmake --install /home/nick/panda_dof_ws/src/build/one_dof_config
[2.270s] Level 1:colcon.colcon_core.environment:create_environment_scripts_only(two_dof_config)
[2.270s] Level 1:colcon.colcon_core.environment:checking '/home/nick/panda_dof_ws/src/install/two_dof_config' for CMake module files
[2.271s] DEBUG:colcon.colcon_core.event_handler.log_command:Invoked command in '/home/nick/panda_dof_ws/src/build/two_dof_config' returned '0': AMENT_PREFIX_PATH=/home/nick/panda_dof_ws/src/install/panda_2dof_moveit_config:${AMENT_PREFIX_PATH} CMAKE_PREFIX_PATH=/home/nick/panda_dof_ws/src/install/panda_2dof_moveit_config:/home/nick/ws_moveit/install/robotiq_hardware_tests:/home/nick/ws_moveit/install/robotiq_driver:/home/nick/ws_moveit/install/serial:/home/nick/ws_moveit/install/moveit2_tutorials:/home/nick/ws_moveit/install/hello_moveit:/home/nick/ws_moveit/install/moveit_visual_tools:/home/nick/ws_moveit/install/rviz_visual_tools:/home/nick/ws_moveit/install/moveit_task_constructor_visualization:/home/nick/ws_moveit/install/moveit_task_constructor_demo:/home/nick/ws_moveit/install/moveit_task_constructor_capabilities:/home/nick/ws_moveit/install/moveit_task_constructor_core:/home/nick/ws_moveit/install/rviz_marker_tools:/home/nick/ws_moveit/install/kortex_bringup:/home/nick/ws_moveit/install/kinova_gen3_lite_moveit_config:/home/nick/ws_moveit/install/kinova_gen3_7dof_robotiq_2f_85_moveit_config:/home/nick/ws_moveit/install/kinova_gen3_6dof_robotiq_2f_85_moveit_config:/home/nick/ws_moveit/install/kortex_description:/home/nick/ws_moveit/install/robotiq_description:/home/nick/ws_moveit/install/robotiq_controllers:/home/nick/ws_moveit/install/pilz_industrial_motion_planner_testutils:/home/nick/ws_moveit/install/moveit_runtime:/home/nick/ws_moveit/install/moveit:/home/nick/ws_moveit/install/moveit_planners:/home/nick/ws_moveit/install/pilz_industrial_motion_planner:/home/nick/ws_moveit/install/moveit_task_constructor_msgs:/home/nick/ws_moveit/install/moveit_ros_control_interface:/home/nick/ws_moveit/install/moveit_plugins:/home/nick/ws_moveit/install/moveit_simple_controller_manager:/home/nick/ws_moveit/install/moveit_setup_assistant:/home/nick/ws_moveit/install/moveit_setup_srdf_plugins:/home/nick/ws_moveit/install/moveit_setup_core_plugins:/home/nick/ws_moveit/install/moveit_setup_controllers:/home/nick/ws_moveit/install/moveit_setup_app_plugins:/home/nick/ws_moveit/install/moveit_setup_framework:/home/nick/ws_moveit/install/moveit_servo:/home/nick/ws_moveit/install/moveit_ros_trajectory_cache:/home/nick/ws_moveit/install/moveit_ros:/home/nick/ws_moveit/install/moveit_ros_visualization:/home/nick/ws_moveit/install/moveit_py:/home/nick/ws_moveit/install/moveit_hybrid_planning:/home/nick/ws_moveit/install/moveit_ros_planning_interface:/home/nick/ws_moveit/install/moveit_ros_benchmarks:/home/nick/ws_moveit/install/moveit_ros_warehouse:/home/nick/ws_moveit/install/moveit_ros_robot_interaction:/home/nick/ws_moveit/install/moveit_ros_perception:/home/nick/ws_moveit/install/moveit_resources_prbt_pg70_support:/home/nick/ws_moveit/install/moveit_resources_prbt_moveit_config:/home/nick/ws_moveit/install/moveit_ros_move_group:/home/nick/ws_moveit/install/moveit_planners_ompl:/home/nick/ws_moveit/install/moveit_kinematics:/home/nick/ws_moveit/install/moveit_ros_planning:/home/nick/ws_moveit/install/moveit_ros_occupancy_map_monitor:/home/nick/ws_moveit/install/moveit_resources_prbt_support:/home/nick/ws_moveit/install/moveit_resources_prbt_ikfast_manipulator_plugin:/home/nick/ws_moveit/install/moveit_resources:/home/nick/ws_moveit/install/moveit_resources_pr2_description:/home/nick/ws_moveit/install/moveit_resources_panda_moveit_config:/home/nick/ws_moveit/install/dual_arm_panda_moveit_config:/home/nick/ws_moveit/install/moveit_resources_panda_description:/home/nick/ws_moveit/install/moveit_resources_fanuc_moveit_config:/home/nick/ws_moveit/install/moveit_resources_fanuc_description:/home/nick/ws_moveit/install/moveit_planners_stomp:/home/nick/ws_moveit/install/moveit_planners_chomp:/home/nick/ws_moveit/install/chomp_motion_planner:/home/nick/ws_moveit/install/moveit_core:/home/nick/ws_moveit/install/moveit_msgs:/home/nick/ws_moveit/install/moveit_common:/home/nick/ws_moveit/install/kortex_driver:/home/nick/ws_moveit/install/kortex_api:/home/nick/ws_moveit/install/moveit_configs_utils:/opt/ros/humble /usr/bin/cmake --install /home/nick/panda_dof_ws/src/build/two_dof_config
[2.271s] Level 1:colcon.colcon_core.environment:checking '/home/nick/panda_dof_ws/src/install/two_dof_config' for CMake config files
[2.271s] Level 1:colcon.colcon_core.shell:create_environment_hook('two_dof_config', 'cmake_prefix_path')
[2.271s] INFO:colcon.colcon_core.shell:Creating environment hook '/home/nick/panda_dof_ws/src/install/two_dof_config/share/two_dof_config/hook/cmake_prefix_path.ps1'
[2.271s] INFO:colcon.colcon_core.shell:Creating environment descriptor '/home/nick/panda_dof_ws/src/install/two_dof_config/share/two_dof_config/hook/cmake_prefix_path.dsv'
[2.272s] INFO:colcon.colcon_core.shell:Creating environment hook '/home/nick/panda_dof_ws/src/install/two_dof_config/share/two_dof_config/hook/cmake_prefix_path.sh'
[2.272s] Level 1:colcon.colcon_core.environment:checking '/home/nick/panda_dof_ws/src/install/two_dof_config/bin'
[2.272s] Level 1:colcon.colcon_core.environment:checking '/home/nick/panda_dof_ws/src/install/two_dof_config/lib/pkgconfig/two_dof_config.pc'
[2.272s] Level 1:colcon.colcon_core.environment:checking '/home/nick/panda_dof_ws/src/install/two_dof_config/lib/python3.10/site-packages'
[2.272s] Level 1:colcon.colcon_core.environment:checking '/home/nick/panda_dof_ws/src/install/two_dof_config/bin'
[2.272s] INFO:colcon.colcon_core.shell:Creating package script '/home/nick/panda_dof_ws/src/install/two_dof_config/share/two_dof_config/package.ps1'
[2.273s] INFO:colcon.colcon_core.shell:Creating package descriptor '/home/nick/panda_dof_ws/src/install/two_dof_config/share/two_dof_config/package.dsv'
[2.273s] INFO:colcon.colcon_core.shell:Creating package script '/home/nick/panda_dof_ws/src/install/two_dof_config/share/two_dof_config/package.sh'
[2.273s] INFO:colcon.colcon_core.shell:Creating package script '/home/nick/panda_dof_ws/src/install/two_dof_config/share/two_dof_config/package.bash'
[2.273s] INFO:colcon.colcon_core.shell:Creating package script '/home/nick/panda_dof_ws/src/install/two_dof_config/share/two_dof_config/package.zsh'
[2.273s] Level 1:colcon.colcon_core.environment:create_file_with_runtime_dependencies(/home/nick/panda_dof_ws/src/install/two_dof_config/share/colcon-core/packages/two_dof_config)
[2.274s] Level 1:colcon.colcon_core.environment:create_environment_scripts_only(two_dof_config)
[2.274s] Level 1:colcon.colcon_core.environment:checking '/home/nick/panda_dof_ws/src/install/two_dof_config' for CMake module files
[2.274s] Level 1:colcon.colcon_core.environment:checking '/home/nick/panda_dof_ws/src/install/two_dof_config' for CMake config files
[2.274s] Level 1:colcon.colcon_core.shell:create_environment_hook('two_dof_config', 'cmake_prefix_path')
[2.274s] INFO:colcon.colcon_core.shell:Creating environment hook '/home/nick/panda_dof_ws/src/install/two_dof_config/share/two_dof_config/hook/cmake_prefix_path.ps1'
[2.274s] INFO:colcon.colcon_core.shell:Creating environment descriptor '/home/nick/panda_dof_ws/src/install/two_dof_config/share/two_dof_config/hook/cmake_prefix_path.dsv'
[2.275s] INFO:colcon.colcon_core.shell:Creating environment hook '/home/nick/panda_dof_ws/src/install/two_dof_config/share/two_dof_config/hook/cmake_prefix_path.sh'
[2.275s] Level 1:colcon.colcon_core.environment:checking '/home/nick/panda_dof_ws/src/install/two_dof_config/bin'
[2.275s] Level 1:colcon.colcon_core.environment:checking '/home/nick/panda_dof_ws/src/install/two_dof_config/lib/pkgconfig/two_dof_config.pc'
[2.275s] Level 1:colcon.colcon_core.environment:checking '/home/nick/panda_dof_ws/src/install/two_dof_config/lib/python3.10/site-packages'
[2.275s] Level 1:colcon.colcon_core.environment:checking '/home/nick/panda_dof_ws/src/install/two_dof_config/bin'
[2.275s] INFO:colcon.colcon_core.shell:Creating package script '/home/nick/panda_dof_ws/src/install/two_dof_config/share/two_dof_config/package.ps1'
[2.276s] INFO:colcon.colcon_core.shell:Creating package descriptor '/home/nick/panda_dof_ws/src/install/two_dof_config/share/two_dof_config/package.dsv'
[2.276s] INFO:colcon.colcon_core.shell:Creating package script '/home/nick/panda_dof_ws/src/install/two_dof_config/share/two_dof_config/package.sh'
[2.277s] INFO:colcon.colcon_core.shell:Creating package script '/home/nick/panda_dof_ws/src/install/two_dof_config/share/two_dof_config/package.bash'
[2.278s] INFO:colcon.colcon_core.shell:Creating package script '/home/nick/panda_dof_ws/src/install/two_dof_config/share/two_dof_config/package.zsh'
[2.278s] Level 1:colcon.colcon_core.environment:create_file_with_runtime_dependencies(/home/nick/panda_dof_ws/src/install/two_dof_config/share/colcon-core/packages/two_dof_config)
[2.280s] DEBUG:colcon.colcon_core.event_handler.log_command:Invoked command in '/home/nick/panda_dof_ws/src/build/five_dof_config' returned '0': AMENT_PREFIX_PATH=/home/nick/panda_dof_ws/src/install/panda_5dof_moveit_config:${AMENT_PREFIX_PATH} CMAKE_PREFIX_PATH=/home/nick/panda_dof_ws/src/install/panda_5dof_moveit_config:/home/nick/ws_moveit/install/robotiq_hardware_tests:/home/nick/ws_moveit/install/robotiq_driver:/home/nick/ws_moveit/install/serial:/home/nick/ws_moveit/install/moveit2_tutorials:/home/nick/ws_moveit/install/hello_moveit:/home/nick/ws_moveit/install/moveit_visual_tools:/home/nick/ws_moveit/install/rviz_visual_tools:/home/nick/ws_moveit/install/moveit_task_constructor_visualization:/home/nick/ws_moveit/install/moveit_task_constructor_demo:/home/nick/ws_moveit/install/moveit_task_constructor_capabilities:/home/nick/ws_moveit/install/moveit_task_constructor_core:/home/nick/ws_moveit/install/rviz_marker_tools:/home/nick/ws_moveit/install/kortex_bringup:/home/nick/ws_moveit/install/kinova_gen3_lite_moveit_config:/home/nick/ws_moveit/install/kinova_gen3_7dof_robotiq_2f_85_moveit_config:/home/nick/ws_moveit/install/kinova_gen3_6dof_robotiq_2f_85_moveit_config:/home/nick/ws_moveit/install/kortex_description:/home/nick/ws_moveit/install/robotiq_description:/home/nick/ws_moveit/install/robotiq_controllers:/home/nick/ws_moveit/install/pilz_industrial_motion_planner_testutils:/home/nick/ws_moveit/install/moveit_runtime:/home/nick/ws_moveit/install/moveit:/home/nick/ws_moveit/install/moveit_planners:/home/nick/ws_moveit/install/pilz_industrial_motion_planner:/home/nick/ws_moveit/install/moveit_task_constructor_msgs:/home/nick/ws_moveit/install/moveit_ros_control_interface:/home/nick/ws_moveit/install/moveit_plugins:/home/nick/ws_moveit/install/moveit_simple_controller_manager:/home/nick/ws_moveit/install/moveit_setup_assistant:/home/nick/ws_moveit/install/moveit_setup_srdf_plugins:/home/nick/ws_moveit/install/moveit_setup_core_plugins:/home/nick/ws_moveit/install/moveit_setup_controllers:/home/nick/ws_moveit/install/moveit_setup_app_plugins:/home/nick/ws_moveit/install/moveit_setup_framework:/home/nick/ws_moveit/install/moveit_servo:/home/nick/ws_moveit/install/moveit_ros_trajectory_cache:/home/nick/ws_moveit/install/moveit_ros:/home/nick/ws_moveit/install/moveit_ros_visualization:/home/nick/ws_moveit/install/moveit_py:/home/nick/ws_moveit/install/moveit_hybrid_planning:/home/nick/ws_moveit/install/moveit_ros_planning_interface:/home/nick/ws_moveit/install/moveit_ros_benchmarks:/home/nick/ws_moveit/install/moveit_ros_warehouse:/home/nick/ws_moveit/install/moveit_ros_robot_interaction:/home/nick/ws_moveit/install/moveit_ros_perception:/home/nick/ws_moveit/install/moveit_resources_prbt_pg70_support:/home/nick/ws_moveit/install/moveit_resources_prbt_moveit_config:/home/nick/ws_moveit/install/moveit_ros_move_group:/home/nick/ws_moveit/install/moveit_planners_ompl:/home/nick/ws_moveit/install/moveit_kinematics:/home/nick/ws_moveit/install/moveit_ros_planning:/home/nick/ws_moveit/install/moveit_ros_occupancy_map_monitor:/home/nick/ws_moveit/install/moveit_resources_prbt_support:/home/nick/ws_moveit/install/moveit_resources_prbt_ikfast_manipulator_plugin:/home/nick/ws_moveit/install/moveit_resources:/home/nick/ws_moveit/install/moveit_resources_pr2_description:/home/nick/ws_moveit/install/moveit_resources_panda_moveit_config:/home/nick/ws_moveit/install/dual_arm_panda_moveit_config:/home/nick/ws_moveit/install/moveit_resources_panda_description:/home/nick/ws_moveit/install/moveit_resources_fanuc_moveit_config:/home/nick/ws_moveit/install/moveit_resources_fanuc_description:/home/nick/ws_moveit/install/moveit_planners_stomp:/home/nick/ws_moveit/install/moveit_planners_chomp:/home/nick/ws_moveit/install/chomp_motion_planner:/home/nick/ws_moveit/install/moveit_core:/home/nick/ws_moveit/install/moveit_msgs:/home/nick/ws_moveit/install/moveit_common:/home/nick/ws_moveit/install/kortex_driver:/home/nick/ws_moveit/install/kortex_api:/home/nick/ws_moveit/install/moveit_configs_utils:/opt/ros/humble /usr/bin/cmake /home/nick/panda_dof_ws/src/five_dof_config -DCMAKE_INSTALL_PREFIX=/home/nick/panda_dof_ws/src/install/five_dof_config
[2.280s] DEBUG:colcon.colcon_core.event_handler.log_command:Invoking command in '/home/nick/panda_dof_ws/src/build/five_dof_config': AMENT_PREFIX_PATH=/home/nick/panda_dof_ws/src/install/panda_5dof_moveit_config:${AMENT_PREFIX_PATH} CMAKE_PREFIX_PATH=/home/nick/panda_dof_ws/src/install/panda_5dof_moveit_config:/home/nick/ws_moveit/install/robotiq_hardware_tests:/home/nick/ws_moveit/install/robotiq_driver:/home/nick/ws_moveit/install/serial:/home/nick/ws_moveit/install/moveit2_tutorials:/home/nick/ws_moveit/install/hello_moveit:/home/nick/ws_moveit/install/moveit_visual_tools:/home/nick/ws_moveit/install/rviz_visual_tools:/home/nick/ws_moveit/install/moveit_task_constructor_visualization:/home/nick/ws_moveit/install/moveit_task_constructor_demo:/home/nick/ws_moveit/install/moveit_task_constructor_capabilities:/home/nick/ws_moveit/install/moveit_task_constructor_core:/home/nick/ws_moveit/install/rviz_marker_tools:/home/nick/ws_moveit/install/kortex_bringup:/home/nick/ws_moveit/install/kinova_gen3_lite_moveit_config:/home/nick/ws_moveit/install/kinova_gen3_7dof_robotiq_2f_85_moveit_config:/home/nick/ws_moveit/install/kinova_gen3_6dof_robotiq_2f_85_moveit_config:/home/nick/ws_moveit/install/kortex_description:/home/nick/ws_moveit/install/robotiq_description:/home/nick/ws_moveit/install/robotiq_controllers:/home/nick/ws_moveit/install/pilz_industrial_motion_planner_testutils:/home/nick/ws_moveit/install/moveit_runtime:/home/nick/ws_moveit/install/moveit:/home/nick/ws_moveit/install/moveit_planners:/home/nick/ws_moveit/install/pilz_industrial_motion_planner:/home/nick/ws_moveit/install/moveit_task_constructor_msgs:/home/nick/ws_moveit/install/moveit_ros_control_interface:/home/nick/ws_moveit/install/moveit_plugins:/home/nick/ws_moveit/install/moveit_simple_controller_manager:/home/nick/ws_moveit/install/moveit_setup_assistant:/home/nick/ws_moveit/install/moveit_setup_srdf_plugins:/home/nick/ws_moveit/install/moveit_setup_core_plugins:/home/nick/ws_moveit/install/moveit_setup_controllers:/home/nick/ws_moveit/install/moveit_setup_app_plugins:/home/nick/ws_moveit/install/moveit_setup_framework:/home/nick/ws_moveit/install/moveit_servo:/home/nick/ws_moveit/install/moveit_ros_trajectory_cache:/home/nick/ws_moveit/install/moveit_ros:/home/nick/ws_moveit/install/moveit_ros_visualization:/home/nick/ws_moveit/install/moveit_py:/home/nick/ws_moveit/install/moveit_hybrid_planning:/home/nick/ws_moveit/install/moveit_ros_planning_interface:/home/nick/ws_moveit/install/moveit_ros_benchmarks:/home/nick/ws_moveit/install/moveit_ros_warehouse:/home/nick/ws_moveit/install/moveit_ros_robot_interaction:/home/nick/ws_moveit/install/moveit_ros_perception:/home/nick/ws_moveit/install/moveit_resources_prbt_pg70_support:/home/nick/ws_moveit/install/moveit_resources_prbt_moveit_config:/home/nick/ws_moveit/install/moveit_ros_move_group:/home/nick/ws_moveit/install/moveit_planners_ompl:/home/nick/ws_moveit/install/moveit_kinematics:/home/nick/ws_moveit/install/moveit_ros_planning:/home/nick/ws_moveit/install/moveit_ros_occupancy_map_monitor:/home/nick/ws_moveit/install/moveit_resources_prbt_support:/home/nick/ws_moveit/install/moveit_resources_prbt_ikfast_manipulator_plugin:/home/nick/ws_moveit/install/moveit_resources:/home/nick/ws_moveit/install/moveit_resources_pr2_description:/home/nick/ws_moveit/install/moveit_resources_panda_moveit_config:/home/nick/ws_moveit/install/dual_arm_panda_moveit_config:/home/nick/ws_moveit/install/moveit_resources_panda_description:/home/nick/ws_moveit/install/moveit_resources_fanuc_moveit_config:/home/nick/ws_moveit/install/moveit_resources_fanuc_description:/home/nick/ws_moveit/install/moveit_planners_stomp:/home/nick/ws_moveit/install/moveit_planners_chomp:/home/nick/ws_moveit/install/chomp_motion_planner:/home/nick/ws_moveit/install/moveit_core:/home/nick/ws_moveit/install/moveit_msgs:/home/nick/ws_moveit/install/moveit_common:/home/nick/ws_moveit/install/kortex_driver:/home/nick/ws_moveit/install/kortex_api:/home/nick/ws_moveit/install/moveit_configs_utils:/opt/ros/humble /usr/bin/cmake --build /home/nick/panda_dof_ws/src/build/five_dof_config -- -j12 -l12
[2.281s] Level 1:colcon.colcon_core.environment:create_environment_scripts_only(one_dof_config)
[2.281s] Level 1:colcon.colcon_core.environment:checking '/home/nick/panda_dof_ws/src/install/one_dof_config' for CMake module files
[2.281s] DEBUG:colcon.colcon_core.event_handler.log_command:Invoked command in '/home/nick/panda_dof_ws/src/build/one_dof_config' returned '0': AMENT_PREFIX_PATH=/home/nick/panda_dof_ws/src/install/panda_1dof_moveit_config:${AMENT_PREFIX_PATH} CMAKE_PREFIX_PATH=/home/nick/panda_dof_ws/src/install/panda_1dof_moveit_config:/home/nick/ws_moveit/install/robotiq_hardware_tests:/home/nick/ws_moveit/install/robotiq_driver:/home/nick/ws_moveit/install/serial:/home/nick/ws_moveit/install/moveit2_tutorials:/home/nick/ws_moveit/install/hello_moveit:/home/nick/ws_moveit/install/moveit_visual_tools:/home/nick/ws_moveit/install/rviz_visual_tools:/home/nick/ws_moveit/install/moveit_task_constructor_visualization:/home/nick/ws_moveit/install/moveit_task_constructor_demo:/home/nick/ws_moveit/install/moveit_task_constructor_capabilities:/home/nick/ws_moveit/install/moveit_task_constructor_core:/home/nick/ws_moveit/install/rviz_marker_tools:/home/nick/ws_moveit/install/kortex_bringup:/home/nick/ws_moveit/install/kinova_gen3_lite_moveit_config:/home/nick/ws_moveit/install/kinova_gen3_7dof_robotiq_2f_85_moveit_config:/home/nick/ws_moveit/install/kinova_gen3_6dof_robotiq_2f_85_moveit_config:/home/nick/ws_moveit/install/kortex_description:/home/nick/ws_moveit/install/robotiq_description:/home/nick/ws_moveit/install/robotiq_controllers:/home/nick/ws_moveit/install/pilz_industrial_motion_planner_testutils:/home/nick/ws_moveit/install/moveit_runtime:/home/nick/ws_moveit/install/moveit:/home/nick/ws_moveit/install/moveit_planners:/home/nick/ws_moveit/install/pilz_industrial_motion_planner:/home/nick/ws_moveit/install/moveit_task_constructor_msgs:/home/nick/ws_moveit/install/moveit_ros_control_interface:/home/nick/ws_moveit/install/moveit_plugins:/home/nick/ws_moveit/install/moveit_simple_controller_manager:/home/nick/ws_moveit/install/moveit_setup_assistant:/home/nick/ws_moveit/install/moveit_setup_srdf_plugins:/home/nick/ws_moveit/install/moveit_setup_core_plugins:/home/nick/ws_moveit/install/moveit_setup_controllers:/home/nick/ws_moveit/install/moveit_setup_app_plugins:/home/nick/ws_moveit/install/moveit_setup_framework:/home/nick/ws_moveit/install/moveit_servo:/home/nick/ws_moveit/install/moveit_ros_trajectory_cache:/home/nick/ws_moveit/install/moveit_ros:/home/nick/ws_moveit/install/moveit_ros_visualization:/home/nick/ws_moveit/install/moveit_py:/home/nick/ws_moveit/install/moveit_hybrid_planning:/home/nick/ws_moveit/install/moveit_ros_planning_interface:/home/nick/ws_moveit/install/moveit_ros_benchmarks:/home/nick/ws_moveit/install/moveit_ros_warehouse:/home/nick/ws_moveit/install/moveit_ros_robot_interaction:/home/nick/ws_moveit/install/moveit_ros_perception:/home/nick/ws_moveit/install/moveit_resources_prbt_pg70_support:/home/nick/ws_moveit/install/moveit_resources_prbt_moveit_config:/home/nick/ws_moveit/install/moveit_ros_move_group:/home/nick/ws_moveit/install/moveit_planners_ompl:/home/nick/ws_moveit/install/moveit_kinematics:/home/nick/ws_moveit/install/moveit_ros_planning:/home/nick/ws_moveit/install/moveit_ros_occupancy_map_monitor:/home/nick/ws_moveit/install/moveit_resources_prbt_support:/home/nick/ws_moveit/install/moveit_resources_prbt_ikfast_manipulator_plugin:/home/nick/ws_moveit/install/moveit_resources:/home/nick/ws_moveit/install/moveit_resources_pr2_description:/home/nick/ws_moveit/install/moveit_resources_panda_moveit_config:/home/nick/ws_moveit/install/dual_arm_panda_moveit_config:/home/nick/ws_moveit/install/moveit_resources_panda_description:/home/nick/ws_moveit/install/moveit_resources_fanuc_moveit_config:/home/nick/ws_moveit/install/moveit_resources_fanuc_description:/home/nick/ws_moveit/install/moveit_planners_stomp:/home/nick/ws_moveit/install/moveit_planners_chomp:/home/nick/ws_moveit/install/chomp_motion_planner:/home/nick/ws_moveit/install/moveit_core:/home/nick/ws_moveit/install/moveit_msgs:/home/nick/ws_moveit/install/moveit_common:/home/nick/ws_moveit/install/kortex_driver:/home/nick/ws_moveit/install/kortex_api:/home/nick/ws_moveit/install/moveit_configs_utils:/opt/ros/humble /usr/bin/cmake --install /home/nick/panda_dof_ws/src/build/one_dof_config
[2.281s] Level 1:colcon.colcon_core.environment:checking '/home/nick/panda_dof_ws/src/install/one_dof_config' for CMake config files
[2.281s] Level 1:colcon.colcon_core.shell:create_environment_hook('one_dof_config', 'cmake_prefix_path')
[2.282s] INFO:colcon.colcon_core.shell:Creating environment hook '/home/nick/panda_dof_ws/src/install/one_dof_config/share/one_dof_config/hook/cmake_prefix_path.ps1'
[2.282s] INFO:colcon.colcon_core.shell:Creating environment descriptor '/home/nick/panda_dof_ws/src/install/one_dof_config/share/one_dof_config/hook/cmake_prefix_path.dsv'
[2.282s] INFO:colcon.colcon_core.shell:Creating environment hook '/home/nick/panda_dof_ws/src/install/one_dof_config/share/one_dof_config/hook/cmake_prefix_path.sh'
[2.282s] Level 1:colcon.colcon_core.environment:checking '/home/nick/panda_dof_ws/src/install/one_dof_config/bin'
[2.282s] Level 1:colcon.colcon_core.environment:checking '/home/nick/panda_dof_ws/src/install/one_dof_config/lib/pkgconfig/one_dof_config.pc'
[2.282s] Level 1:colcon.colcon_core.environment:checking '/home/nick/panda_dof_ws/src/install/one_dof_config/lib/python3.10/site-packages'
[2.283s] Level 1:colcon.colcon_core.environment:checking '/home/nick/panda_dof_ws/src/install/one_dof_config/bin'
[2.283s] INFO:colcon.colcon_core.shell:Creating package script '/home/nick/panda_dof_ws/src/install/one_dof_config/share/one_dof_config/package.ps1'
[2.283s] INFO:colcon.colcon_core.shell:Creating package descriptor '/home/nick/panda_dof_ws/src/install/one_dof_config/share/one_dof_config/package.dsv'
[2.283s] INFO:colcon.colcon_core.shell:Creating package script '/home/nick/panda_dof_ws/src/install/one_dof_config/share/one_dof_config/package.sh'
[2.283s] INFO:colcon.colcon_core.shell:Creating package script '/home/nick/panda_dof_ws/src/install/one_dof_config/share/one_dof_config/package.bash'
[2.284s] INFO:colcon.colcon_core.shell:Creating package script '/home/nick/panda_dof_ws/src/install/one_dof_config/share/one_dof_config/package.zsh'
[2.284s] Level 1:colcon.colcon_core.environment:create_file_with_runtime_dependencies(/home/nick/panda_dof_ws/src/install/one_dof_config/share/colcon-core/packages/one_dof_config)
[2.284s] Level 1:colcon.colcon_core.environment:create_environment_scripts_only(one_dof_config)
[2.284s] Level 1:colcon.colcon_core.environment:checking '/home/nick/panda_dof_ws/src/install/one_dof_config' for CMake module files
[2.284s] Level 1:colcon.colcon_core.environment:checking '/home/nick/panda_dof_ws/src/install/one_dof_config' for CMake config files
[2.285s] Level 1:colcon.colcon_core.shell:create_environment_hook('one_dof_config', 'cmake_prefix_path')
[2.285s] INFO:colcon.colcon_core.shell:Creating environment hook '/home/nick/panda_dof_ws/src/install/one_dof_config/share/one_dof_config/hook/cmake_prefix_path.ps1'
[2.285s] INFO:colcon.colcon_core.shell:Creating environment descriptor '/home/nick/panda_dof_ws/src/install/one_dof_config/share/one_dof_config/hook/cmake_prefix_path.dsv'
[2.285s] INFO:colcon.colcon_core.shell:Creating environment hook '/home/nick/panda_dof_ws/src/install/one_dof_config/share/one_dof_config/hook/cmake_prefix_path.sh'
[2.285s] Level 1:colcon.colcon_core.environment:checking '/home/nick/panda_dof_ws/src/install/one_dof_config/bin'
[2.285s] Level 1:colcon.colcon_core.environment:checking '/home/nick/panda_dof_ws/src/install/one_dof_config/lib/pkgconfig/one_dof_config.pc'
[2.286s] Level 1:colcon.colcon_core.environment:checking '/home/nick/panda_dof_ws/src/install/one_dof_config/lib/python3.10/site-packages'
[2.286s] Level 1:colcon.colcon_core.environment:checking '/home/nick/panda_dof_ws/src/install/one_dof_config/bin'
[2.286s] INFO:colcon.colcon_core.shell:Creating package script '/home/nick/panda_dof_ws/src/install/one_dof_config/share/one_dof_config/package.ps1'
[2.286s] INFO:colcon.colcon_core.shell:Creating package descriptor '/home/nick/panda_dof_ws/src/install/one_dof_config/share/one_dof_config/package.dsv'
[2.286s] INFO:colcon.colcon_core.shell:Creating package script '/home/nick/panda_dof_ws/src/install/one_dof_config/share/one_dof_config/package.sh'
[2.287s] INFO:colcon.colcon_core.shell:Creating package script '/home/nick/panda_dof_ws/src/install/one_dof_config/share/one_dof_config/package.bash'
[2.287s] INFO:colcon.colcon_core.shell:Creating package script '/home/nick/panda_dof_ws/src/install/one_dof_config/share/one_dof_config/package.zsh'
[2.287s] Level 1:colcon.colcon_core.environment:create_file_with_runtime_dependencies(/home/nick/panda_dof_ws/src/install/one_dof_config/share/colcon-core/packages/one_dof_config)
[2.304s] DEBUG:colcon.colcon_core.event_handler.log_command:Invoked command in '/home/nick/panda_dof_ws/src/build/panda_7dof_moveit_config' returned '0': AMENT_PREFIX_PATH=/home/nick/panda_dof_ws/src/install/panda_urdf_modifications:${AMENT_PREFIX_PATH} CMAKE_PREFIX_PATH=/home/nick/panda_dof_ws/src/install/panda_urdf_modifications:/home/nick/ws_moveit/install/robotiq_hardware_tests:/home/nick/ws_moveit/install/robotiq_driver:/home/nick/ws_moveit/install/serial:/home/nick/ws_moveit/install/moveit2_tutorials:/home/nick/ws_moveit/install/hello_moveit:/home/nick/ws_moveit/install/moveit_visual_tools:/home/nick/ws_moveit/install/rviz_visual_tools:/home/nick/ws_moveit/install/moveit_task_constructor_visualization:/home/nick/ws_moveit/install/moveit_task_constructor_demo:/home/nick/ws_moveit/install/moveit_task_constructor_capabilities:/home/nick/ws_moveit/install/moveit_task_constructor_core:/home/nick/ws_moveit/install/rviz_marker_tools:/home/nick/ws_moveit/install/kortex_bringup:/home/nick/ws_moveit/install/kinova_gen3_lite_moveit_config:/home/nick/ws_moveit/install/kinova_gen3_7dof_robotiq_2f_85_moveit_config:/home/nick/ws_moveit/install/kinova_gen3_6dof_robotiq_2f_85_moveit_config:/home/nick/ws_moveit/install/kortex_description:/home/nick/ws_moveit/install/robotiq_description:/home/nick/ws_moveit/install/robotiq_controllers:/home/nick/ws_moveit/install/pilz_industrial_motion_planner_testutils:/home/nick/ws_moveit/install/moveit_runtime:/home/nick/ws_moveit/install/moveit:/home/nick/ws_moveit/install/moveit_planners:/home/nick/ws_moveit/install/pilz_industrial_motion_planner:/home/nick/ws_moveit/install/moveit_task_constructor_msgs:/home/nick/ws_moveit/install/moveit_ros_control_interface:/home/nick/ws_moveit/install/moveit_plugins:/home/nick/ws_moveit/install/moveit_simple_controller_manager:/home/nick/ws_moveit/install/moveit_setup_assistant:/home/nick/ws_moveit/install/moveit_setup_srdf_plugins:/home/nick/ws_moveit/install/moveit_setup_core_plugins:/home/nick/ws_moveit/install/moveit_setup_controllers:/home/nick/ws_moveit/install/moveit_setup_app_plugins:/home/nick/ws_moveit/install/moveit_setup_framework:/home/nick/ws_moveit/install/moveit_servo:/home/nick/ws_moveit/install/moveit_ros_trajectory_cache:/home/nick/ws_moveit/install/moveit_ros:/home/nick/ws_moveit/install/moveit_ros_visualization:/home/nick/ws_moveit/install/moveit_py:/home/nick/ws_moveit/install/moveit_hybrid_planning:/home/nick/ws_moveit/install/moveit_ros_planning_interface:/home/nick/ws_moveit/install/moveit_ros_benchmarks:/home/nick/ws_moveit/install/moveit_ros_warehouse:/home/nick/ws_moveit/install/moveit_ros_robot_interaction:/home/nick/ws_moveit/install/moveit_ros_perception:/home/nick/ws_moveit/install/moveit_resources_prbt_pg70_support:/home/nick/ws_moveit/install/moveit_resources_prbt_moveit_config:/home/nick/ws_moveit/install/moveit_ros_move_group:/home/nick/ws_moveit/install/moveit_planners_ompl:/home/nick/ws_moveit/install/moveit_kinematics:/home/nick/ws_moveit/install/moveit_ros_planning:/home/nick/ws_moveit/install/moveit_ros_occupancy_map_monitor:/home/nick/ws_moveit/install/moveit_resources_prbt_support:/home/nick/ws_moveit/install/moveit_resources_prbt_ikfast_manipulator_plugin:/home/nick/ws_moveit/install/moveit_resources:/home/nick/ws_moveit/install/moveit_resources_pr2_description:/home/nick/ws_moveit/install/moveit_resources_panda_moveit_config:/home/nick/ws_moveit/install/dual_arm_panda_moveit_config:/home/nick/ws_moveit/install/moveit_resources_panda_description:/home/nick/ws_moveit/install/moveit_resources_fanuc_moveit_config:/home/nick/ws_moveit/install/moveit_resources_fanuc_description:/home/nick/ws_moveit/install/moveit_planners_stomp:/home/nick/ws_moveit/install/moveit_planners_chomp:/home/nick/ws_moveit/install/chomp_motion_planner:/home/nick/ws_moveit/install/moveit_core:/home/nick/ws_moveit/install/moveit_msgs:/home/nick/ws_moveit/install/moveit_common:/home/nick/ws_moveit/install/kortex_driver:/home/nick/ws_moveit/install/kortex_api:/home/nick/ws_moveit/install/moveit_configs_utils:/opt/ros/humble /usr/bin/cmake /home/nick/panda_dof_ws/src/panda_7dof_moveit_config -DCMAKE_INSTALL_PREFIX=/home/nick/panda_dof_ws/src/install/panda_7dof_moveit_config
[2.305s] DEBUG:colcon.colcon_core.event_handler.log_command:Invoking command in '/home/nick/panda_dof_ws/src/build/panda_7dof_moveit_config': AMENT_PREFIX_PATH=/home/nick/panda_dof_ws/src/install/panda_urdf_modifications:${AMENT_PREFIX_PATH} CMAKE_PREFIX_PATH=/home/nick/panda_dof_ws/src/install/panda_urdf_modifications:/home/nick/ws_moveit/install/robotiq_hardware_tests:/home/nick/ws_moveit/install/robotiq_driver:/home/nick/ws_moveit/install/serial:/home/nick/ws_moveit/install/moveit2_tutorials:/home/nick/ws_moveit/install/hello_moveit:/home/nick/ws_moveit/install/moveit_visual_tools:/home/nick/ws_moveit/install/rviz_visual_tools:/home/nick/ws_moveit/install/moveit_task_constructor_visualization:/home/nick/ws_moveit/install/moveit_task_constructor_demo:/home/nick/ws_moveit/install/moveit_task_constructor_capabilities:/home/nick/ws_moveit/install/moveit_task_constructor_core:/home/nick/ws_moveit/install/rviz_marker_tools:/home/nick/ws_moveit/install/kortex_bringup:/home/nick/ws_moveit/install/kinova_gen3_lite_moveit_config:/home/nick/ws_moveit/install/kinova_gen3_7dof_robotiq_2f_85_moveit_config:/home/nick/ws_moveit/install/kinova_gen3_6dof_robotiq_2f_85_moveit_config:/home/nick/ws_moveit/install/kortex_description:/home/nick/ws_moveit/install/robotiq_description:/home/nick/ws_moveit/install/robotiq_controllers:/home/nick/ws_moveit/install/pilz_industrial_motion_planner_testutils:/home/nick/ws_moveit/install/moveit_runtime:/home/nick/ws_moveit/install/moveit:/home/nick/ws_moveit/install/moveit_planners:/home/nick/ws_moveit/install/pilz_industrial_motion_planner:/home/nick/ws_moveit/install/moveit_task_constructor_msgs:/home/nick/ws_moveit/install/moveit_ros_control_interface:/home/nick/ws_moveit/install/moveit_plugins:/home/nick/ws_moveit/install/moveit_simple_controller_manager:/home/nick/ws_moveit/install/moveit_setup_assistant:/home/nick/ws_moveit/install/moveit_setup_srdf_plugins:/home/nick/ws_moveit/install/moveit_setup_core_plugins:/home/nick/ws_moveit/install/moveit_setup_controllers:/home/nick/ws_moveit/install/moveit_setup_app_plugins:/home/nick/ws_moveit/install/moveit_setup_framework:/home/nick/ws_moveit/install/moveit_servo:/home/nick/ws_moveit/install/moveit_ros_trajectory_cache:/home/nick/ws_moveit/install/moveit_ros:/home/nick/ws_moveit/install/moveit_ros_visualization:/home/nick/ws_moveit/install/moveit_py:/home/nick/ws_moveit/install/moveit_hybrid_planning:/home/nick/ws_moveit/install/moveit_ros_planning_interface:/home/nick/ws_moveit/install/moveit_ros_benchmarks:/home/nick/ws_moveit/install/moveit_ros_warehouse:/home/nick/ws_moveit/install/moveit_ros_robot_interaction:/home/nick/ws_moveit/install/moveit_ros_perception:/home/nick/ws_moveit/install/moveit_resources_prbt_pg70_support:/home/nick/ws_moveit/install/moveit_resources_prbt_moveit_config:/home/nick/ws_moveit/install/moveit_ros_move_group:/home/nick/ws_moveit/install/moveit_planners_ompl:/home/nick/ws_moveit/install/moveit_kinematics:/home/nick/ws_moveit/install/moveit_ros_planning:/home/nick/ws_moveit/install/moveit_ros_occupancy_map_monitor:/home/nick/ws_moveit/install/moveit_resources_prbt_support:/home/nick/ws_moveit/install/moveit_resources_prbt_ikfast_manipulator_plugin:/home/nick/ws_moveit/install/moveit_resources:/home/nick/ws_moveit/install/moveit_resources_pr2_description:/home/nick/ws_moveit/install/moveit_resources_panda_moveit_config:/home/nick/ws_moveit/install/dual_arm_panda_moveit_config:/home/nick/ws_moveit/install/moveit_resources_panda_description:/home/nick/ws_moveit/install/moveit_resources_fanuc_moveit_config:/home/nick/ws_moveit/install/moveit_resources_fanuc_description:/home/nick/ws_moveit/install/moveit_planners_stomp:/home/nick/ws_moveit/install/moveit_planners_chomp:/home/nick/ws_moveit/install/chomp_motion_planner:/home/nick/ws_moveit/install/moveit_core:/home/nick/ws_moveit/install/moveit_msgs:/home/nick/ws_moveit/install/moveit_common:/home/nick/ws_moveit/install/kortex_driver:/home/nick/ws_moveit/install/kortex_api:/home/nick/ws_moveit/install/moveit_configs_utils:/opt/ros/humble /usr/bin/cmake --build /home/nick/panda_dof_ws/src/build/panda_7dof_moveit_config -- -j12 -l12
[2.315s] DEBUG:colcon.colcon_core.event_handler.log_command:Invoked command in '/home/nick/panda_dof_ws/src/build/five_dof_config' returned '0': AMENT_PREFIX_PATH=/home/nick/panda_dof_ws/src/install/panda_5dof_moveit_config:${AMENT_PREFIX_PATH} CMAKE_PREFIX_PATH=/home/nick/panda_dof_ws/src/install/panda_5dof_moveit_config:/home/nick/ws_moveit/install/robotiq_hardware_tests:/home/nick/ws_moveit/install/robotiq_driver:/home/nick/ws_moveit/install/serial:/home/nick/ws_moveit/install/moveit2_tutorials:/home/nick/ws_moveit/install/hello_moveit:/home/nick/ws_moveit/install/moveit_visual_tools:/home/nick/ws_moveit/install/rviz_visual_tools:/home/nick/ws_moveit/install/moveit_task_constructor_visualization:/home/nick/ws_moveit/install/moveit_task_constructor_demo:/home/nick/ws_moveit/install/moveit_task_constructor_capabilities:/home/nick/ws_moveit/install/moveit_task_constructor_core:/home/nick/ws_moveit/install/rviz_marker_tools:/home/nick/ws_moveit/install/kortex_bringup:/home/nick/ws_moveit/install/kinova_gen3_lite_moveit_config:/home/nick/ws_moveit/install/kinova_gen3_7dof_robotiq_2f_85_moveit_config:/home/nick/ws_moveit/install/kinova_gen3_6dof_robotiq_2f_85_moveit_config:/home/nick/ws_moveit/install/kortex_description:/home/nick/ws_moveit/install/robotiq_description:/home/nick/ws_moveit/install/robotiq_controllers:/home/nick/ws_moveit/install/pilz_industrial_motion_planner_testutils:/home/nick/ws_moveit/install/moveit_runtime:/home/nick/ws_moveit/install/moveit:/home/nick/ws_moveit/install/moveit_planners:/home/nick/ws_moveit/install/pilz_industrial_motion_planner:/home/nick/ws_moveit/install/moveit_task_constructor_msgs:/home/nick/ws_moveit/install/moveit_ros_control_interface:/home/nick/ws_moveit/install/moveit_plugins:/home/nick/ws_moveit/install/moveit_simple_controller_manager:/home/nick/ws_moveit/install/moveit_setup_assistant:/home/nick/ws_moveit/install/moveit_setup_srdf_plugins:/home/nick/ws_moveit/install/moveit_setup_core_plugins:/home/nick/ws_moveit/install/moveit_setup_controllers:/home/nick/ws_moveit/install/moveit_setup_app_plugins:/home/nick/ws_moveit/install/moveit_setup_framework:/home/nick/ws_moveit/install/moveit_servo:/home/nick/ws_moveit/install/moveit_ros_trajectory_cache:/home/nick/ws_moveit/install/moveit_ros:/home/nick/ws_moveit/install/moveit_ros_visualization:/home/nick/ws_moveit/install/moveit_py:/home/nick/ws_moveit/install/moveit_hybrid_planning:/home/nick/ws_moveit/install/moveit_ros_planning_interface:/home/nick/ws_moveit/install/moveit_ros_benchmarks:/home/nick/ws_moveit/install/moveit_ros_warehouse:/home/nick/ws_moveit/install/moveit_ros_robot_interaction:/home/nick/ws_moveit/install/moveit_ros_perception:/home/nick/ws_moveit/install/moveit_resources_prbt_pg70_support:/home/nick/ws_moveit/install/moveit_resources_prbt_moveit_config:/home/nick/ws_moveit/install/moveit_ros_move_group:/home/nick/ws_moveit/install/moveit_planners_ompl:/home/nick/ws_moveit/install/moveit_kinematics:/home/nick/ws_moveit/install/moveit_ros_planning:/home/nick/ws_moveit/install/moveit_ros_occupancy_map_monitor:/home/nick/ws_moveit/install/moveit_resources_prbt_support:/home/nick/ws_moveit/install/moveit_resources_prbt_ikfast_manipulator_plugin:/home/nick/ws_moveit/install/moveit_resources:/home/nick/ws_moveit/install/moveit_resources_pr2_description:/home/nick/ws_moveit/install/moveit_resources_panda_moveit_config:/home/nick/ws_moveit/install/dual_arm_panda_moveit_config:/home/nick/ws_moveit/install/moveit_resources_panda_description:/home/nick/ws_moveit/install/moveit_resources_fanuc_moveit_config:/home/nick/ws_moveit/install/moveit_resources_fanuc_description:/home/nick/ws_moveit/install/moveit_planners_stomp:/home/nick/ws_moveit/install/moveit_planners_chomp:/home/nick/ws_moveit/install/chomp_motion_planner:/home/nick/ws_moveit/install/moveit_core:/home/nick/ws_moveit/install/moveit_msgs:/home/nick/ws_moveit/install/moveit_common:/home/nick/ws_moveit/install/kortex_driver:/home/nick/ws_moveit/install/kortex_api:/home/nick/ws_moveit/install/moveit_configs_utils:/opt/ros/humble /usr/bin/cmake --build /home/nick/panda_dof_ws/src/build/five_dof_config -- -j12 -l12
[2.316s] DEBUG:colcon.colcon_core.event_handler.log_command:Invoking command in '/home/nick/panda_dof_ws/src/build/five_dof_config': AMENT_PREFIX_PATH=/home/nick/panda_dof_ws/src/install/panda_5dof_moveit_config:${AMENT_PREFIX_PATH} CMAKE_PREFIX_PATH=/home/nick/panda_dof_ws/src/install/panda_5dof_moveit_config:/home/nick/ws_moveit/install/robotiq_hardware_tests:/home/nick/ws_moveit/install/robotiq_driver:/home/nick/ws_moveit/install/serial:/home/nick/ws_moveit/install/moveit2_tutorials:/home/nick/ws_moveit/install/hello_moveit:/home/nick/ws_moveit/install/moveit_visual_tools:/home/nick/ws_moveit/install/rviz_visual_tools:/home/nick/ws_moveit/install/moveit_task_constructor_visualization:/home/nick/ws_moveit/install/moveit_task_constructor_demo:/home/nick/ws_moveit/install/moveit_task_constructor_capabilities:/home/nick/ws_moveit/install/moveit_task_constructor_core:/home/nick/ws_moveit/install/rviz_marker_tools:/home/nick/ws_moveit/install/kortex_bringup:/home/nick/ws_moveit/install/kinova_gen3_lite_moveit_config:/home/nick/ws_moveit/install/kinova_gen3_7dof_robotiq_2f_85_moveit_config:/home/nick/ws_moveit/install/kinova_gen3_6dof_robotiq_2f_85_moveit_config:/home/nick/ws_moveit/install/kortex_description:/home/nick/ws_moveit/install/robotiq_description:/home/nick/ws_moveit/install/robotiq_controllers:/home/nick/ws_moveit/install/pilz_industrial_motion_planner_testutils:/home/nick/ws_moveit/install/moveit_runtime:/home/nick/ws_moveit/install/moveit:/home/nick/ws_moveit/install/moveit_planners:/home/nick/ws_moveit/install/pilz_industrial_motion_planner:/home/nick/ws_moveit/install/moveit_task_constructor_msgs:/home/nick/ws_moveit/install/moveit_ros_control_interface:/home/nick/ws_moveit/install/moveit_plugins:/home/nick/ws_moveit/install/moveit_simple_controller_manager:/home/nick/ws_moveit/install/moveit_setup_assistant:/home/nick/ws_moveit/install/moveit_setup_srdf_plugins:/home/nick/ws_moveit/install/moveit_setup_core_plugins:/home/nick/ws_moveit/install/moveit_setup_controllers:/home/nick/ws_moveit/install/moveit_setup_app_plugins:/home/nick/ws_moveit/install/moveit_setup_framework:/home/nick/ws_moveit/install/moveit_servo:/home/nick/ws_moveit/install/moveit_ros_trajectory_cache:/home/nick/ws_moveit/install/moveit_ros:/home/nick/ws_moveit/install/moveit_ros_visualization:/home/nick/ws_moveit/install/moveit_py:/home/nick/ws_moveit/install/moveit_hybrid_planning:/home/nick/ws_moveit/install/moveit_ros_planning_interface:/home/nick/ws_moveit/install/moveit_ros_benchmarks:/home/nick/ws_moveit/install/moveit_ros_warehouse:/home/nick/ws_moveit/install/moveit_ros_robot_interaction:/home/nick/ws_moveit/install/moveit_ros_perception:/home/nick/ws_moveit/install/moveit_resources_prbt_pg70_support:/home/nick/ws_moveit/install/moveit_resources_prbt_moveit_config:/home/nick/ws_moveit/install/moveit_ros_move_group:/home/nick/ws_moveit/install/moveit_planners_ompl:/home/nick/ws_moveit/install/moveit_kinematics:/home/nick/ws_moveit/install/moveit_ros_planning:/home/nick/ws_moveit/install/moveit_ros_occupancy_map_monitor:/home/nick/ws_moveit/install/moveit_resources_prbt_support:/home/nick/ws_moveit/install/moveit_resources_prbt_ikfast_manipulator_plugin:/home/nick/ws_moveit/install/moveit_resources:/home/nick/ws_moveit/install/moveit_resources_pr2_description:/home/nick/ws_moveit/install/moveit_resources_panda_moveit_config:/home/nick/ws_moveit/install/dual_arm_panda_moveit_config:/home/nick/ws_moveit/install/moveit_resources_panda_description:/home/nick/ws_moveit/install/moveit_resources_fanuc_moveit_config:/home/nick/ws_moveit/install/moveit_resources_fanuc_description:/home/nick/ws_moveit/install/moveit_planners_stomp:/home/nick/ws_moveit/install/moveit_planners_chomp:/home/nick/ws_moveit/install/chomp_motion_planner:/home/nick/ws_moveit/install/moveit_core:/home/nick/ws_moveit/install/moveit_msgs:/home/nick/ws_moveit/install/moveit_common:/home/nick/ws_moveit/install/kortex_driver:/home/nick/ws_moveit/install/kortex_api:/home/nick/ws_moveit/install/moveit_configs_utils:/opt/ros/humble /usr/bin/cmake --install /home/nick/panda_dof_ws/src/build/five_dof_config
[2.326s] Level 1:colcon.colcon_core.environment:create_environment_scripts_only(five_dof_config)
[2.326s] Level 1:colcon.colcon_core.environment:checking '/home/nick/panda_dof_ws/src/install/five_dof_config' for CMake module files
[2.326s] DEBUG:colcon.colcon_core.event_handler.log_command:Invoked command in '/home/nick/panda_dof_ws/src/build/five_dof_config' returned '0': AMENT_PREFIX_PATH=/home/nick/panda_dof_ws/src/install/panda_5dof_moveit_config:${AMENT_PREFIX_PATH} CMAKE_PREFIX_PATH=/home/nick/panda_dof_ws/src/install/panda_5dof_moveit_config:/home/nick/ws_moveit/install/robotiq_hardware_tests:/home/nick/ws_moveit/install/robotiq_driver:/home/nick/ws_moveit/install/serial:/home/nick/ws_moveit/install/moveit2_tutorials:/home/nick/ws_moveit/install/hello_moveit:/home/nick/ws_moveit/install/moveit_visual_tools:/home/nick/ws_moveit/install/rviz_visual_tools:/home/nick/ws_moveit/install/moveit_task_constructor_visualization:/home/nick/ws_moveit/install/moveit_task_constructor_demo:/home/nick/ws_moveit/install/moveit_task_constructor_capabilities:/home/nick/ws_moveit/install/moveit_task_constructor_core:/home/nick/ws_moveit/install/rviz_marker_tools:/home/nick/ws_moveit/install/kortex_bringup:/home/nick/ws_moveit/install/kinova_gen3_lite_moveit_config:/home/nick/ws_moveit/install/kinova_gen3_7dof_robotiq_2f_85_moveit_config:/home/nick/ws_moveit/install/kinova_gen3_6dof_robotiq_2f_85_moveit_config:/home/nick/ws_moveit/install/kortex_description:/home/nick/ws_moveit/install/robotiq_description:/home/nick/ws_moveit/install/robotiq_controllers:/home/nick/ws_moveit/install/pilz_industrial_motion_planner_testutils:/home/nick/ws_moveit/install/moveit_runtime:/home/nick/ws_moveit/install/moveit:/home/nick/ws_moveit/install/moveit_planners:/home/nick/ws_moveit/install/pilz_industrial_motion_planner:/home/nick/ws_moveit/install/moveit_task_constructor_msgs:/home/nick/ws_moveit/install/moveit_ros_control_interface:/home/nick/ws_moveit/install/moveit_plugins:/home/nick/ws_moveit/install/moveit_simple_controller_manager:/home/nick/ws_moveit/install/moveit_setup_assistant:/home/nick/ws_moveit/install/moveit_setup_srdf_plugins:/home/nick/ws_moveit/install/moveit_setup_core_plugins:/home/nick/ws_moveit/install/moveit_setup_controllers:/home/nick/ws_moveit/install/moveit_setup_app_plugins:/home/nick/ws_moveit/install/moveit_setup_framework:/home/nick/ws_moveit/install/moveit_servo:/home/nick/ws_moveit/install/moveit_ros_trajectory_cache:/home/nick/ws_moveit/install/moveit_ros:/home/nick/ws_moveit/install/moveit_ros_visualization:/home/nick/ws_moveit/install/moveit_py:/home/nick/ws_moveit/install/moveit_hybrid_planning:/home/nick/ws_moveit/install/moveit_ros_planning_interface:/home/nick/ws_moveit/install/moveit_ros_benchmarks:/home/nick/ws_moveit/install/moveit_ros_warehouse:/home/nick/ws_moveit/install/moveit_ros_robot_interaction:/home/nick/ws_moveit/install/moveit_ros_perception:/home/nick/ws_moveit/install/moveit_resources_prbt_pg70_support:/home/nick/ws_moveit/install/moveit_resources_prbt_moveit_config:/home/nick/ws_moveit/install/moveit_ros_move_group:/home/nick/ws_moveit/install/moveit_planners_ompl:/home/nick/ws_moveit/install/moveit_kinematics:/home/nick/ws_moveit/install/moveit_ros_planning:/home/nick/ws_moveit/install/moveit_ros_occupancy_map_monitor:/home/nick/ws_moveit/install/moveit_resources_prbt_support:/home/nick/ws_moveit/install/moveit_resources_prbt_ikfast_manipulator_plugin:/home/nick/ws_moveit/install/moveit_resources:/home/nick/ws_moveit/install/moveit_resources_pr2_description:/home/nick/ws_moveit/install/moveit_resources_panda_moveit_config:/home/nick/ws_moveit/install/dual_arm_panda_moveit_config:/home/nick/ws_moveit/install/moveit_resources_panda_description:/home/nick/ws_moveit/install/moveit_resources_fanuc_moveit_config:/home/nick/ws_moveit/install/moveit_resources_fanuc_description:/home/nick/ws_moveit/install/moveit_planners_stomp:/home/nick/ws_moveit/install/moveit_planners_chomp:/home/nick/ws_moveit/install/chomp_motion_planner:/home/nick/ws_moveit/install/moveit_core:/home/nick/ws_moveit/install/moveit_msgs:/home/nick/ws_moveit/install/moveit_common:/home/nick/ws_moveit/install/kortex_driver:/home/nick/ws_moveit/install/kortex_api:/home/nick/ws_moveit/install/moveit_configs_utils:/opt/ros/humble /usr/bin/cmake --install /home/nick/panda_dof_ws/src/build/five_dof_config
[2.326s] Level 1:colcon.colcon_core.environment:checking '/home/nick/panda_dof_ws/src/install/five_dof_config' for CMake config files
[2.326s] Level 1:colcon.colcon_core.shell:create_environment_hook('five_dof_config', 'cmake_prefix_path')
[2.327s] INFO:colcon.colcon_core.shell:Creating environment hook '/home/nick/panda_dof_ws/src/install/five_dof_config/share/five_dof_config/hook/cmake_prefix_path.ps1'
[2.327s] INFO:colcon.colcon_core.shell:Creating environment descriptor '/home/nick/panda_dof_ws/src/install/five_dof_config/share/five_dof_config/hook/cmake_prefix_path.dsv'
[2.327s] INFO:colcon.colcon_core.shell:Creating environment hook '/home/nick/panda_dof_ws/src/install/five_dof_config/share/five_dof_config/hook/cmake_prefix_path.sh'
[2.327s] Level 1:colcon.colcon_core.environment:checking '/home/nick/panda_dof_ws/src/install/five_dof_config/bin'
[2.327s] Level 1:colcon.colcon_core.environment:checking '/home/nick/panda_dof_ws/src/install/five_dof_config/lib/pkgconfig/five_dof_config.pc'
[2.327s] Level 1:colcon.colcon_core.environment:checking '/home/nick/panda_dof_ws/src/install/five_dof_config/lib/python3.10/site-packages'
[2.328s] Level 1:colcon.colcon_core.environment:checking '/home/nick/panda_dof_ws/src/install/five_dof_config/bin'
[2.328s] INFO:colcon.colcon_core.shell:Creating package script '/home/nick/panda_dof_ws/src/install/five_dof_config/share/five_dof_config/package.ps1'
[2.328s] INFO:colcon.colcon_core.shell:Creating package descriptor '/home/nick/panda_dof_ws/src/install/five_dof_config/share/five_dof_config/package.dsv'
[2.328s] INFO:colcon.colcon_core.shell:Creating package script '/home/nick/panda_dof_ws/src/install/five_dof_config/share/five_dof_config/package.sh'
[2.328s] INFO:colcon.colcon_core.shell:Creating package script '/home/nick/panda_dof_ws/src/install/five_dof_config/share/five_dof_config/package.bash'
[2.329s] INFO:colcon.colcon_core.shell:Creating package script '/home/nick/panda_dof_ws/src/install/five_dof_config/share/five_dof_config/package.zsh'
[2.329s] Level 1:colcon.colcon_core.environment:create_file_with_runtime_dependencies(/home/nick/panda_dof_ws/src/install/five_dof_config/share/colcon-core/packages/five_dof_config)
[2.329s] Level 1:colcon.colcon_core.environment:create_environment_scripts_only(five_dof_config)
[2.329s] Level 1:colcon.colcon_core.environment:checking '/home/nick/panda_dof_ws/src/install/five_dof_config' for CMake module files
[2.329s] Level 1:colcon.colcon_core.environment:checking '/home/nick/panda_dof_ws/src/install/five_dof_config' for CMake config files
[2.330s] Level 1:colcon.colcon_core.shell:create_environment_hook('five_dof_config', 'cmake_prefix_path')
[2.330s] INFO:colcon.colcon_core.shell:Creating environment hook '/home/nick/panda_dof_ws/src/install/five_dof_config/share/five_dof_config/hook/cmake_prefix_path.ps1'
[2.330s] INFO:colcon.colcon_core.shell:Creating environment descriptor '/home/nick/panda_dof_ws/src/install/five_dof_config/share/five_dof_config/hook/cmake_prefix_path.dsv'
[2.330s] INFO:colcon.colcon_core.shell:Creating environment hook '/home/nick/panda_dof_ws/src/install/five_dof_config/share/five_dof_config/hook/cmake_prefix_path.sh'
[2.330s] Level 1:colcon.colcon_core.environment:checking '/home/nick/panda_dof_ws/src/install/five_dof_config/bin'
[2.330s] Level 1:colcon.colcon_core.environment:checking '/home/nick/panda_dof_ws/src/install/five_dof_config/lib/pkgconfig/five_dof_config.pc'
[2.330s] Level 1:colcon.colcon_core.environment:checking '/home/nick/panda_dof_ws/src/install/five_dof_config/lib/python3.10/site-packages'
[2.331s] Level 1:colcon.colcon_core.environment:checking '/home/nick/panda_dof_ws/src/install/five_dof_config/bin'
[2.331s] INFO:colcon.colcon_core.shell:Creating package script '/home/nick/panda_dof_ws/src/install/five_dof_config/share/five_dof_config/package.ps1'
[2.331s] INFO:colcon.colcon_core.shell:Creating package descriptor '/home/nick/panda_dof_ws/src/install/five_dof_config/share/five_dof_config/package.dsv'
[2.331s] INFO:colcon.colcon_core.shell:Creating package script '/home/nick/panda_dof_ws/src/install/five_dof_config/share/five_dof_config/package.sh'
[2.331s] INFO:colcon.colcon_core.shell:Creating package script '/home/nick/panda_dof_ws/src/install/five_dof_config/share/five_dof_config/package.bash'
[2.332s] INFO:colcon.colcon_core.shell:Creating package script '/home/nick/panda_dof_ws/src/install/five_dof_config/share/five_dof_config/package.zsh'
[2.332s] Level 1:colcon.colcon_core.environment:create_file_with_runtime_dependencies(/home/nick/panda_dof_ws/src/install/five_dof_config/share/colcon-core/packages/five_dof_config)
[2.341s] DEBUG:colcon.colcon_core.event_handler.log_command:Invoked command in '/home/nick/panda_dof_ws/src/build/panda_7dof_moveit_config' returned '0': AMENT_PREFIX_PATH=/home/nick/panda_dof_ws/src/install/panda_urdf_modifications:${AMENT_PREFIX_PATH} CMAKE_PREFIX_PATH=/home/nick/panda_dof_ws/src/install/panda_urdf_modifications:/home/nick/ws_moveit/install/robotiq_hardware_tests:/home/nick/ws_moveit/install/robotiq_driver:/home/nick/ws_moveit/install/serial:/home/nick/ws_moveit/install/moveit2_tutorials:/home/nick/ws_moveit/install/hello_moveit:/home/nick/ws_moveit/install/moveit_visual_tools:/home/nick/ws_moveit/install/rviz_visual_tools:/home/nick/ws_moveit/install/moveit_task_constructor_visualization:/home/nick/ws_moveit/install/moveit_task_constructor_demo:/home/nick/ws_moveit/install/moveit_task_constructor_capabilities:/home/nick/ws_moveit/install/moveit_task_constructor_core:/home/nick/ws_moveit/install/rviz_marker_tools:/home/nick/ws_moveit/install/kortex_bringup:/home/nick/ws_moveit/install/kinova_gen3_lite_moveit_config:/home/nick/ws_moveit/install/kinova_gen3_7dof_robotiq_2f_85_moveit_config:/home/nick/ws_moveit/install/kinova_gen3_6dof_robotiq_2f_85_moveit_config:/home/nick/ws_moveit/install/kortex_description:/home/nick/ws_moveit/install/robotiq_description:/home/nick/ws_moveit/install/robotiq_controllers:/home/nick/ws_moveit/install/pilz_industrial_motion_planner_testutils:/home/nick/ws_moveit/install/moveit_runtime:/home/nick/ws_moveit/install/moveit:/home/nick/ws_moveit/install/moveit_planners:/home/nick/ws_moveit/install/pilz_industrial_motion_planner:/home/nick/ws_moveit/install/moveit_task_constructor_msgs:/home/nick/ws_moveit/install/moveit_ros_control_interface:/home/nick/ws_moveit/install/moveit_plugins:/home/nick/ws_moveit/install/moveit_simple_controller_manager:/home/nick/ws_moveit/install/moveit_setup_assistant:/home/nick/ws_moveit/install/moveit_setup_srdf_plugins:/home/nick/ws_moveit/install/moveit_setup_core_plugins:/home/nick/ws_moveit/install/moveit_setup_controllers:/home/nick/ws_moveit/install/moveit_setup_app_plugins:/home/nick/ws_moveit/install/moveit_setup_framework:/home/nick/ws_moveit/install/moveit_servo:/home/nick/ws_moveit/install/moveit_ros_trajectory_cache:/home/nick/ws_moveit/install/moveit_ros:/home/nick/ws_moveit/install/moveit_ros_visualization:/home/nick/ws_moveit/install/moveit_py:/home/nick/ws_moveit/install/moveit_hybrid_planning:/home/nick/ws_moveit/install/moveit_ros_planning_interface:/home/nick/ws_moveit/install/moveit_ros_benchmarks:/home/nick/ws_moveit/install/moveit_ros_warehouse:/home/nick/ws_moveit/install/moveit_ros_robot_interaction:/home/nick/ws_moveit/install/moveit_ros_perception:/home/nick/ws_moveit/install/moveit_resources_prbt_pg70_support:/home/nick/ws_moveit/install/moveit_resources_prbt_moveit_config:/home/nick/ws_moveit/install/moveit_ros_move_group:/home/nick/ws_moveit/install/moveit_planners_ompl:/home/nick/ws_moveit/install/moveit_kinematics:/home/nick/ws_moveit/install/moveit_ros_planning:/home/nick/ws_moveit/install/moveit_ros_occupancy_map_monitor:/home/nick/ws_moveit/install/moveit_resources_prbt_support:/home/nick/ws_moveit/install/moveit_resources_prbt_ikfast_manipulator_plugin:/home/nick/ws_moveit/install/moveit_resources:/home/nick/ws_moveit/install/moveit_resources_pr2_description:/home/nick/ws_moveit/install/moveit_resources_panda_moveit_config:/home/nick/ws_moveit/install/dual_arm_panda_moveit_config:/home/nick/ws_moveit/install/moveit_resources_panda_description:/home/nick/ws_moveit/install/moveit_resources_fanuc_moveit_config:/home/nick/ws_moveit/install/moveit_resources_fanuc_description:/home/nick/ws_moveit/install/moveit_planners_stomp:/home/nick/ws_moveit/install/moveit_planners_chomp:/home/nick/ws_moveit/install/chomp_motion_planner:/home/nick/ws_moveit/install/moveit_core:/home/nick/ws_moveit/install/moveit_msgs:/home/nick/ws_moveit/install/moveit_common:/home/nick/ws_moveit/install/kortex_driver:/home/nick/ws_moveit/install/kortex_api:/home/nick/ws_moveit/install/moveit_configs_utils:/opt/ros/humble /usr/bin/cmake --build /home/nick/panda_dof_ws/src/build/panda_7dof_moveit_config -- -j12 -l12
[2.341s] DEBUG:colcon.colcon_core.event_handler.log_command:Invoking command in '/home/nick/panda_dof_ws/src/build/panda_7dof_moveit_config': AMENT_PREFIX_PATH=/home/nick/panda_dof_ws/src/install/panda_urdf_modifications:${AMENT_PREFIX_PATH} CMAKE_PREFIX_PATH=/home/nick/panda_dof_ws/src/install/panda_urdf_modifications:/home/nick/ws_moveit/install/robotiq_hardware_tests:/home/nick/ws_moveit/install/robotiq_driver:/home/nick/ws_moveit/install/serial:/home/nick/ws_moveit/install/moveit2_tutorials:/home/nick/ws_moveit/install/hello_moveit:/home/nick/ws_moveit/install/moveit_visual_tools:/home/nick/ws_moveit/install/rviz_visual_tools:/home/nick/ws_moveit/install/moveit_task_constructor_visualization:/home/nick/ws_moveit/install/moveit_task_constructor_demo:/home/nick/ws_moveit/install/moveit_task_constructor_capabilities:/home/nick/ws_moveit/install/moveit_task_constructor_core:/home/nick/ws_moveit/install/rviz_marker_tools:/home/nick/ws_moveit/install/kortex_bringup:/home/nick/ws_moveit/install/kinova_gen3_lite_moveit_config:/home/nick/ws_moveit/install/kinova_gen3_7dof_robotiq_2f_85_moveit_config:/home/nick/ws_moveit/install/kinova_gen3_6dof_robotiq_2f_85_moveit_config:/home/nick/ws_moveit/install/kortex_description:/home/nick/ws_moveit/install/robotiq_description:/home/nick/ws_moveit/install/robotiq_controllers:/home/nick/ws_moveit/install/pilz_industrial_motion_planner_testutils:/home/nick/ws_moveit/install/moveit_runtime:/home/nick/ws_moveit/install/moveit:/home/nick/ws_moveit/install/moveit_planners:/home/nick/ws_moveit/install/pilz_industrial_motion_planner:/home/nick/ws_moveit/install/moveit_task_constructor_msgs:/home/nick/ws_moveit/install/moveit_ros_control_interface:/home/nick/ws_moveit/install/moveit_plugins:/home/nick/ws_moveit/install/moveit_simple_controller_manager:/home/nick/ws_moveit/install/moveit_setup_assistant:/home/nick/ws_moveit/install/moveit_setup_srdf_plugins:/home/nick/ws_moveit/install/moveit_setup_core_plugins:/home/nick/ws_moveit/install/moveit_setup_controllers:/home/nick/ws_moveit/install/moveit_setup_app_plugins:/home/nick/ws_moveit/install/moveit_setup_framework:/home/nick/ws_moveit/install/moveit_servo:/home/nick/ws_moveit/install/moveit_ros_trajectory_cache:/home/nick/ws_moveit/install/moveit_ros:/home/nick/ws_moveit/install/moveit_ros_visualization:/home/nick/ws_moveit/install/moveit_py:/home/nick/ws_moveit/install/moveit_hybrid_planning:/home/nick/ws_moveit/install/moveit_ros_planning_interface:/home/nick/ws_moveit/install/moveit_ros_benchmarks:/home/nick/ws_moveit/install/moveit_ros_warehouse:/home/nick/ws_moveit/install/moveit_ros_robot_interaction:/home/nick/ws_moveit/install/moveit_ros_perception:/home/nick/ws_moveit/install/moveit_resources_prbt_pg70_support:/home/nick/ws_moveit/install/moveit_resources_prbt_moveit_config:/home/nick/ws_moveit/install/moveit_ros_move_group:/home/nick/ws_moveit/install/moveit_planners_ompl:/home/nick/ws_moveit/install/moveit_kinematics:/home/nick/ws_moveit/install/moveit_ros_planning:/home/nick/ws_moveit/install/moveit_ros_occupancy_map_monitor:/home/nick/ws_moveit/install/moveit_resources_prbt_support:/home/nick/ws_moveit/install/moveit_resources_prbt_ikfast_manipulator_plugin:/home/nick/ws_moveit/install/moveit_resources:/home/nick/ws_moveit/install/moveit_resources_pr2_description:/home/nick/ws_moveit/install/moveit_resources_panda_moveit_config:/home/nick/ws_moveit/install/dual_arm_panda_moveit_config:/home/nick/ws_moveit/install/moveit_resources_panda_description:/home/nick/ws_moveit/install/moveit_resources_fanuc_moveit_config:/home/nick/ws_moveit/install/moveit_resources_fanuc_description:/home/nick/ws_moveit/install/moveit_planners_stomp:/home/nick/ws_moveit/install/moveit_planners_chomp:/home/nick/ws_moveit/install/chomp_motion_planner:/home/nick/ws_moveit/install/moveit_core:/home/nick/ws_moveit/install/moveit_msgs:/home/nick/ws_moveit/install/moveit_common:/home/nick/ws_moveit/install/kortex_driver:/home/nick/ws_moveit/install/kortex_api:/home/nick/ws_moveit/install/moveit_configs_utils:/opt/ros/humble /usr/bin/cmake --install /home/nick/panda_dof_ws/src/build/panda_7dof_moveit_config
[2.354s] Level 1:colcon.colcon_core.environment:create_environment_scripts_only(panda_7dof_moveit_config)
[2.354s] DEBUG:colcon.colcon_core.event_handler.log_command:Invoked command in '/home/nick/panda_dof_ws/src/build/panda_7dof_moveit_config' returned '0': AMENT_PREFIX_PATH=/home/nick/panda_dof_ws/src/install/panda_urdf_modifications:${AMENT_PREFIX_PATH} CMAKE_PREFIX_PATH=/home/nick/panda_dof_ws/src/install/panda_urdf_modifications:/home/nick/ws_moveit/install/robotiq_hardware_tests:/home/nick/ws_moveit/install/robotiq_driver:/home/nick/ws_moveit/install/serial:/home/nick/ws_moveit/install/moveit2_tutorials:/home/nick/ws_moveit/install/hello_moveit:/home/nick/ws_moveit/install/moveit_visual_tools:/home/nick/ws_moveit/install/rviz_visual_tools:/home/nick/ws_moveit/install/moveit_task_constructor_visualization:/home/nick/ws_moveit/install/moveit_task_constructor_demo:/home/nick/ws_moveit/install/moveit_task_constructor_capabilities:/home/nick/ws_moveit/install/moveit_task_constructor_core:/home/nick/ws_moveit/install/rviz_marker_tools:/home/nick/ws_moveit/install/kortex_bringup:/home/nick/ws_moveit/install/kinova_gen3_lite_moveit_config:/home/nick/ws_moveit/install/kinova_gen3_7dof_robotiq_2f_85_moveit_config:/home/nick/ws_moveit/install/kinova_gen3_6dof_robotiq_2f_85_moveit_config:/home/nick/ws_moveit/install/kortex_description:/home/nick/ws_moveit/install/robotiq_description:/home/nick/ws_moveit/install/robotiq_controllers:/home/nick/ws_moveit/install/pilz_industrial_motion_planner_testutils:/home/nick/ws_moveit/install/moveit_runtime:/home/nick/ws_moveit/install/moveit:/home/nick/ws_moveit/install/moveit_planners:/home/nick/ws_moveit/install/pilz_industrial_motion_planner:/home/nick/ws_moveit/install/moveit_task_constructor_msgs:/home/nick/ws_moveit/install/moveit_ros_control_interface:/home/nick/ws_moveit/install/moveit_plugins:/home/nick/ws_moveit/install/moveit_simple_controller_manager:/home/nick/ws_moveit/install/moveit_setup_assistant:/home/nick/ws_moveit/install/moveit_setup_srdf_plugins:/home/nick/ws_moveit/install/moveit_setup_core_plugins:/home/nick/ws_moveit/install/moveit_setup_controllers:/home/nick/ws_moveit/install/moveit_setup_app_plugins:/home/nick/ws_moveit/install/moveit_setup_framework:/home/nick/ws_moveit/install/moveit_servo:/home/nick/ws_moveit/install/moveit_ros_trajectory_cache:/home/nick/ws_moveit/install/moveit_ros:/home/nick/ws_moveit/install/moveit_ros_visualization:/home/nick/ws_moveit/install/moveit_py:/home/nick/ws_moveit/install/moveit_hybrid_planning:/home/nick/ws_moveit/install/moveit_ros_planning_interface:/home/nick/ws_moveit/install/moveit_ros_benchmarks:/home/nick/ws_moveit/install/moveit_ros_warehouse:/home/nick/ws_moveit/install/moveit_ros_robot_interaction:/home/nick/ws_moveit/install/moveit_ros_perception:/home/nick/ws_moveit/install/moveit_resources_prbt_pg70_support:/home/nick/ws_moveit/install/moveit_resources_prbt_moveit_config:/home/nick/ws_moveit/install/moveit_ros_move_group:/home/nick/ws_moveit/install/moveit_planners_ompl:/home/nick/ws_moveit/install/moveit_kinematics:/home/nick/ws_moveit/install/moveit_ros_planning:/home/nick/ws_moveit/install/moveit_ros_occupancy_map_monitor:/home/nick/ws_moveit/install/moveit_resources_prbt_support:/home/nick/ws_moveit/install/moveit_resources_prbt_ikfast_manipulator_plugin:/home/nick/ws_moveit/install/moveit_resources:/home/nick/ws_moveit/install/moveit_resources_pr2_description:/home/nick/ws_moveit/install/moveit_resources_panda_moveit_config:/home/nick/ws_moveit/install/dual_arm_panda_moveit_config:/home/nick/ws_moveit/install/moveit_resources_panda_description:/home/nick/ws_moveit/install/moveit_resources_fanuc_moveit_config:/home/nick/ws_moveit/install/moveit_resources_fanuc_description:/home/nick/ws_moveit/install/moveit_planners_stomp:/home/nick/ws_moveit/install/moveit_planners_chomp:/home/nick/ws_moveit/install/chomp_motion_planner:/home/nick/ws_moveit/install/moveit_core:/home/nick/ws_moveit/install/moveit_msgs:/home/nick/ws_moveit/install/moveit_common:/home/nick/ws_moveit/install/kortex_driver:/home/nick/ws_moveit/install/kortex_api:/home/nick/ws_moveit/install/moveit_configs_utils:/opt/ros/humble /usr/bin/cmake --install /home/nick/panda_dof_ws/src/build/panda_7dof_moveit_config
[2.354s] Level 1:colcon.colcon_core.environment:checking '/home/nick/panda_dof_ws/src/install/panda_7dof_moveit_config' for CMake module files
[2.355s] Level 1:colcon.colcon_core.environment:checking '/home/nick/panda_dof_ws/src/install/panda_7dof_moveit_config' for CMake config files
[2.355s] Level 1:colcon.colcon_core.shell:create_environment_hook('panda_7dof_moveit_config', 'cmake_prefix_path')
[2.355s] INFO:colcon.colcon_core.shell:Creating environment hook '/home/nick/panda_dof_ws/src/install/panda_7dof_moveit_config/share/panda_7dof_moveit_config/hook/cmake_prefix_path.ps1'
[2.355s] INFO:colcon.colcon_core.shell:Creating environment descriptor '/home/nick/panda_dof_ws/src/install/panda_7dof_moveit_config/share/panda_7dof_moveit_config/hook/cmake_prefix_path.dsv'
[2.356s] INFO:colcon.colcon_core.shell:Creating environment hook '/home/nick/panda_dof_ws/src/install/panda_7dof_moveit_config/share/panda_7dof_moveit_config/hook/cmake_prefix_path.sh'
[2.356s] Level 1:colcon.colcon_core.environment:checking '/home/nick/panda_dof_ws/src/install/panda_7dof_moveit_config/bin'
[2.356s] Level 1:colcon.colcon_core.environment:checking '/home/nick/panda_dof_ws/src/install/panda_7dof_moveit_config/lib/pkgconfig/panda_7dof_moveit_config.pc'
[2.356s] Level 1:colcon.colcon_core.environment:checking '/home/nick/panda_dof_ws/src/install/panda_7dof_moveit_config/lib/python3.10/site-packages'
[2.356s] Level 1:colcon.colcon_core.environment:checking '/home/nick/panda_dof_ws/src/install/panda_7dof_moveit_config/bin'
[2.356s] INFO:colcon.colcon_core.shell:Creating package script '/home/nick/panda_dof_ws/src/install/panda_7dof_moveit_config/share/panda_7dof_moveit_config/package.ps1'
[2.356s] INFO:colcon.colcon_core.shell:Creating package descriptor '/home/nick/panda_dof_ws/src/install/panda_7dof_moveit_config/share/panda_7dof_moveit_config/package.dsv'
[2.357s] INFO:colcon.colcon_core.shell:Creating package script '/home/nick/panda_dof_ws/src/install/panda_7dof_moveit_config/share/panda_7dof_moveit_config/package.sh'
[2.357s] INFO:colcon.colcon_core.shell:Creating package script '/home/nick/panda_dof_ws/src/install/panda_7dof_moveit_config/share/panda_7dof_moveit_config/package.bash'
[2.357s] INFO:colcon.colcon_core.shell:Creating package script '/home/nick/panda_dof_ws/src/install/panda_7dof_moveit_config/share/panda_7dof_moveit_config/package.zsh'
[2.357s] Level 1:colcon.colcon_core.environment:create_file_with_runtime_dependencies(/home/nick/panda_dof_ws/src/install/panda_7dof_moveit_config/share/colcon-core/packages/panda_7dof_moveit_config)
[2.357s] Level 1:colcon.colcon_core.environment:create_environment_scripts_only(panda_7dof_moveit_config)
[2.358s] Level 1:colcon.colcon_core.environment:checking '/home/nick/panda_dof_ws/src/install/panda_7dof_moveit_config' for CMake module files
[2.358s] Level 1:colcon.colcon_core.environment:checking '/home/nick/panda_dof_ws/src/install/panda_7dof_moveit_config' for CMake config files
[2.358s] Level 1:colcon.colcon_core.shell:create_environment_hook('panda_7dof_moveit_config', 'cmake_prefix_path')
[2.358s] INFO:colcon.colcon_core.shell:Creating environment hook '/home/nick/panda_dof_ws/src/install/panda_7dof_moveit_config/share/panda_7dof_moveit_config/hook/cmake_prefix_path.ps1'
[2.358s] INFO:colcon.colcon_core.shell:Creating environment descriptor '/home/nick/panda_dof_ws/src/install/panda_7dof_moveit_config/share/panda_7dof_moveit_config/hook/cmake_prefix_path.dsv'
[2.359s] INFO:colcon.colcon_core.shell:Creating environment hook '/home/nick/panda_dof_ws/src/install/panda_7dof_moveit_config/share/panda_7dof_moveit_config/hook/cmake_prefix_path.sh'
[2.359s] Level 1:colcon.colcon_core.environment:checking '/home/nick/panda_dof_ws/src/install/panda_7dof_moveit_config/bin'
[2.359s] Level 1:colcon.colcon_core.environment:checking '/home/nick/panda_dof_ws/src/install/panda_7dof_moveit_config/lib/pkgconfig/panda_7dof_moveit_config.pc'
[2.359s] Level 1:colcon.colcon_core.environment:checking '/home/nick/panda_dof_ws/src/install/panda_7dof_moveit_config/lib/python3.10/site-packages'
[2.359s] Level 1:colcon.colcon_core.environment:checking '/home/nick/panda_dof_ws/src/install/panda_7dof_moveit_config/bin'
[2.359s] INFO:colcon.colcon_core.shell:Creating package script '/home/nick/panda_dof_ws/src/install/panda_7dof_moveit_config/share/panda_7dof_moveit_config/package.ps1'
[2.360s] INFO:colcon.colcon_core.shell:Creating package descriptor '/home/nick/panda_dof_ws/src/install/panda_7dof_moveit_config/share/panda_7dof_moveit_config/package.dsv'
[2.360s] INFO:colcon.colcon_core.shell:Creating package script '/home/nick/panda_dof_ws/src/install/panda_7dof_moveit_config/share/panda_7dof_moveit_config/package.sh'
[2.360s] INFO:colcon.colcon_core.shell:Creating package script '/home/nick/panda_dof_ws/src/install/panda_7dof_moveit_config/share/panda_7dof_moveit_config/package.bash'
[2.360s] INFO:colcon.colcon_core.shell:Creating package script '/home/nick/panda_dof_ws/src/install/panda_7dof_moveit_config/share/panda_7dof_moveit_config/package.zsh'
[2.360s] Level 1:colcon.colcon_core.environment:create_file_with_runtime_dependencies(/home/nick/panda_dof_ws/src/install/panda_7dof_moveit_config/share/colcon-core/packages/panda_7dof_moveit_config)
[2.360s] DEBUG:colcon.colcon_parallel_executor.executor.parallel:closing loop
[2.361s] DEBUG:colcon.colcon_parallel_executor.executor.parallel:loop closed
[2.361s] DEBUG:colcon.colcon_parallel_executor.executor.parallel:run_until_complete finished with '0'
[2.361s] DEBUG:colcon.colcon_core.event_reactor:joining thread
[2.365s] INFO:colcon.colcon_core.plugin_system:Skipping extension 'colcon_notification.desktop_notification.terminal_notifier': Not used on non-Darwin systems
[2.365s] INFO:colcon.colcon_core.plugin_system:Skipping extension 'colcon_notification.desktop_notification.win32': Not used on non-Windows systems
[2.365s] INFO:colcon.colcon_notification.desktop_notification:Sending desktop notification using 'notify2'
[2.371s] DEBUG:colcon.colcon_core.event_reactor:joined thread
[2.371s] INFO:colcon.colcon_core.shell:Creating prefix script '/home/nick/panda_dof_ws/src/install/local_setup.ps1'
[2.372s] INFO:colcon.colcon_core.shell:Creating prefix util module '/home/nick/panda_dof_ws/src/install/_local_setup_util_ps1.py'
[2.373s] INFO:colcon.colcon_core.shell:Creating prefix chain script '/home/nick/panda_dof_ws/src/install/setup.ps1'
[2.374s] INFO:colcon.colcon_core.shell:Creating prefix script '/home/nick/panda_dof_ws/src/install/local_setup.sh'
[2.375s] INFO:colcon.colcon_core.shell:Creating prefix util module '/home/nick/panda_dof_ws/src/install/_local_setup_util_sh.py'
[2.375s] INFO:colcon.colcon_core.shell:Creating prefix chain script '/home/nick/panda_dof_ws/src/install/setup.sh'
[2.376s] INFO:colcon.colcon_core.shell:Creating prefix script '/home/nick/panda_dof_ws/src/install/local_setup.bash'
[2.377s] INFO:colcon.colcon_core.shell:Creating prefix chain script '/home/nick/panda_dof_ws/src/install/setup.bash'
[2.378s] INFO:colcon.colcon_core.shell:Creating prefix script '/home/nick/panda_dof_ws/src/install/local_setup.zsh'
[2.379s] INFO:colcon.colcon_core.shell:Creating prefix chain script '/home/nick/panda_dof_ws/src/install/setup.zsh'
